-- MySQL dump 10.13  Distrib 5.5.16, for Win32 (x86)
--
-- Host: localhost    Database: gica
-- ------------------------------------------------------
-- Server version	5.5.16-log

/*!40101 SET @OLD_CHARACTER_SET_CLIENT=@@CHARACTER_SET_CLIENT */;
/*!40101 SET @OLD_CHARACTER_SET_RESULTS=@@CHARACTER_SET_RESULTS */;
/*!40101 SET @OLD_COLLATION_CONNECTION=@@COLLATION_CONNECTION */;
/*!40101 SET NAMES utf8 */;
/*!40103 SET @OLD_TIME_ZONE=@@TIME_ZONE */;
/*!40103 SET TIME_ZONE='+00:00' */;
/*!40014 SET @OLD_UNIQUE_CHECKS=@@UNIQUE_CHECKS, UNIQUE_CHECKS=0 */;
/*!40014 SET @OLD_FOREIGN_KEY_CHECKS=@@FOREIGN_KEY_CHECKS, FOREIGN_KEY_CHECKS=0 */;
/*!40101 SET @OLD_SQL_MODE=@@SQL_MODE, SQL_MODE='NO_AUTO_VALUE_ON_ZERO' */;
/*!40111 SET @OLD_SQL_NOTES=@@SQL_NOTES, SQL_NOTES=0 */;

--
-- Table structure for table `banque`
--

DROP TABLE IF EXISTS `banque`;
/*!40101 SET @saved_cs_client     = @@character_set_client */;
/*!40101 SET character_set_client = utf8 */;
CREATE TABLE `banque` (
  `CODBANQUE` varchar(10) NOT NULL DEFAULT '',
  `DESCRIPTION` varchar(50) DEFAULT NULL,
  PRIMARY KEY (`CODBANQUE`)
) ENGINE=InnoDB DEFAULT CHARSET=latin1;
/*!40101 SET character_set_client = @saved_cs_client */;

--
-- Dumping data for table `banque`
--
-- WHERE:  TRUE limit 100

LOCK TABLES `banque` WRITE;
/*!40000 ALTER TABLE `banque` DISABLE KEYS */;
INSERT INTO `banque` VALUES ('AFIMEGQ','PROJET AFIMEGQ'),('AFRBY','Afriland Bank of Yaoundé'),('AMBY','AMITY BANK YAOUNDE'),('ATLANTIC','BANQUE ATLANTIQUE'),('BICEC','Banque Internationale pour le Credit et l\'Epargne'),('CBC','COMMERCIAL BANK OF CAMEROON'),('CBCY','Commercial Bank of Yaoundé'),('COTU','COTU'),('ECOBANK','ECOBANK YAOUNDE'),('ENS','ENS'),('EU','EXPRESS UNION'),('EXPRESS UN','EXPRESS UNION'),('FPRO','FILIERE PROFESSIONNELLE'),('HANDI','HANDICAPE'),('ICT','ICT 2017'),('MASTER PRO','INFO'),('MTN','MTN'),('MTN Mobile','MTN Mobile'),('NFC','NATIONAL FINANCIAL CREDIT of BAMENDA'),('PAFROID','PAFROID'),('PIMASO','PIMASO'),('UBA','UBA');
/*!40000 ALTER TABLE `banque` ENABLE KEYS */;
UNLOCK TABLES;

--
-- Table structure for table `classe`
--

DROP TABLE IF EXISTS `classe`;
/*!40101 SET @saved_cs_client     = @@character_set_client */;
/*!40101 SET character_set_client = utf8 */;
CREATE TABLE `classe` (
  `IDCLASSE` mediumint(8) unsigned NOT NULL AUTO_INCREMENT,
  `IDFIL` mediumint(8) unsigned NOT NULL DEFAULT '0',
  `NIVEAU` varchar(5) NOT NULL DEFAULT '',
  `OPTIONS` mediumint(8) unsigned NOT NULL DEFAULT '0',
  PRIMARY KEY (`IDCLASSE`),
  UNIQUE KEY `classe_index1258` (`IDFIL`,`NIVEAU`,`OPTIONS`),
  KEY `FK_classe_2` (`NIVEAU`),
  CONSTRAINT `FK_classe_1` FOREIGN KEY (`IDFIL`) REFERENCES `filiere` (`IDFIL`) ON DELETE CASCADE ON UPDATE CASCADE,
  CONSTRAINT `FK_classe_2` FOREIGN KEY (`NIVEAU`) REFERENCES `niveau` (`NIVEAU`) ON UPDATE CASCADE
) ENGINE=InnoDB AUTO_INCREMENT=397 DEFAULT CHARSET=latin1;
/*!40101 SET character_set_client = @saved_cs_client */;

--
-- Dumping data for table `classe`
--
-- WHERE:  TRUE limit 100

LOCK TABLES `classe` WRITE;
/*!40000 ALTER TABLE `classe` DISABLE KEYS */;
INSERT INTO `classe` VALUES (6,2,'1',0),(7,2,'2',0),(8,2,'3',0),(115,2,'4',0),(9,2,'4',9),(10,2,'4',10),(11,2,'4',11),(12,2,'4',12),(13,2,'4',13),(116,2,'5',0),(14,2,'5',9),(15,2,'5',10),(16,2,'5',11),(17,2,'5',12),(349,2,'6',9),(128,2,'6',10),(348,2,'6',11),(350,2,'6',12),(347,2,'6',13),(129,2,'7',10),(130,2,'8',10),(36,3,'1',0),(37,3,'2',0),(38,3,'3',0),(124,3,'4',0),(39,3,'4',2),(40,3,'4',3),(41,3,'4',4),(42,3,'4',5),(134,3,'4',8),(125,3,'5',0),(43,3,'5',2),(44,3,'5',3),(48,3,'5',5),(45,3,'5',6),(46,3,'5',7),(47,3,'5',8),(376,3,'6',2),(131,3,'6',3),(371,3,'6',4),(375,3,'6',5),(373,3,'6',6),(374,3,'6',7),(372,3,'6',8),(18,4,'1',0),(19,4,'2',0),(20,4,'3',0),(21,4,'4',14),(22,4,'4',15),(120,4,'4',46),(121,4,'5',0),(23,4,'5',14),(24,4,'5',15),(136,4,'5',46),(362,4,'6',0),(82,5,'4',16),(105,5,'5',0),(83,5,'5',16),(103,6,'4',39),(132,6,'4',44),(30,6,'4',110),(110,6,'5',39),(133,6,'5',44),(31,6,'5',110),(64,7,'1',0),(65,7,'2',0),(66,7,'3',0),(67,7,'4',0),(395,7,'5',0),(396,7,'5',114),(312,7,'6',0),(314,7,'7',0),(32,8,'4',0),(33,8,'5',0),(52,9,'1',0),(53,9,'2',0),(54,9,'3',0),(55,9,'4',0),(56,9,'5',25),(57,9,'5',26),(58,9,'5',27),(59,9,'5',28),(60,9,'5',29),(61,9,'5',30),(62,9,'5',31),(63,9,'5',32),(111,9,'5',42),(119,9,'5',116),(345,9,'6',32),(323,9,'6',42),(126,10,'4',0),(34,10,'4',1),(107,10,'5',0),(35,10,'5',1),(1,11,'1',0),(2,11,'2',0),(3,11,'3',0),(4,11,'4',0),(5,11,'5',0),(351,11,'6',0);
/*!40000 ALTER TABLE `classe` ENABLE KEYS */;
UNLOCK TABLES;

--
-- Table structure for table `classemodule`
--

DROP TABLE IF EXISTS `classemodule`;
/*!40101 SET @saved_cs_client     = @@character_set_client */;
/*!40101 SET character_set_client = utf8 */;
CREATE TABLE `classemodule` (
  `IDCLASSE` mediumint(8) unsigned NOT NULL DEFAULT '0',
  `NBMODULE` int(2) unsigned NOT NULL DEFAULT '0',
  `ANNEE` year(4) NOT NULL DEFAULT '0000',
  PRIMARY KEY (`IDCLASSE`,`ANNEE`),
  CONSTRAINT `FK_classemodule_1` FOREIGN KEY (`IDCLASSE`) REFERENCES `classe` (`IDCLASSE`) ON DELETE CASCADE ON UPDATE CASCADE
) ENGINE=InnoDB DEFAULT CHARSET=latin1;
/*!40101 SET character_set_client = @saved_cs_client */;

--
-- Dumping data for table `classemodule`
--
-- WHERE:  TRUE limit 100

LOCK TABLES `classemodule` WRITE;
/*!40000 ALTER TABLE `classemodule` DISABLE KEYS */;
INSERT INTO `classemodule` VALUES (1,5,2000),(2,5,2000),(3,5,2000),(4,4,2000),(5,5,2009),(6,5,2000),(7,5,2000),(8,5,2000),(9,5,2000),(10,5,2000),(11,5,2000),(12,5,2000),(13,5,2000),(14,4,2000),(15,4,2000),(16,4,2000),(17,4,2000),(18,5,2000),(19,5,2000),(20,5,2000),(21,5,2000),(22,5,2000),(23,4,2000),(24,4,2000),(25,5,2000),(26,5,2000),(27,6,2000),(28,5,2008),(36,5,2000),(37,5,2000),(38,5,2000),(39,5,2000),(40,5,2000),(41,4,2000),(42,5,2000),(42,4,2001),(43,4,2000),(44,4,2000),(45,4,2000),(46,4,2000),(47,4,2000),(48,4,2000),(49,5,2000),(50,4,2000),(51,4,2000),(52,5,2000),(53,5,2000),(54,5,2000),(55,5,2000),(56,4,2000),(57,4,2000),(58,4,2000),(59,4,2000),(60,4,2000),(61,4,2000),(62,4,2000),(63,4,2000),(64,4,2000),(65,5,2000),(66,5,2000),(67,5,2000),(69,4,2000),(70,5,2000),(71,4,2000),(72,3,2000),(73,3,2000),(74,3,2000),(75,3,2000),(76,3,2000),(77,3,2000),(78,4,2000),(79,4,2000),(80,3,2000),(81,4,2000),(84,5,2000),(84,5,2001),(85,5,2000),(86,5,2000),(87,5,2000),(88,5,2000),(89,4,2000),(90,5,2000),(91,5,2000),(92,5,2000),(93,5,2000),(94,5,2000),(95,4,2000),(96,4,2000),(97,4,2000),(98,4,2000),(99,4,2000),(100,4,2000),(101,4,2000),(102,4,2000),(103,5,2004),(104,5,2008),(110,4,2005),(110,4,2016),(111,4,2000),(120,5,2000);
/*!40000 ALTER TABLE `classemodule` ENABLE KEYS */;
UNLOCK TABLES;

--
-- Table structure for table `departement`
--

DROP TABLE IF EXISTS `departement`;
/*!40101 SET @saved_cs_client     = @@character_set_client */;
/*!40101 SET character_set_client = utf8 */;
CREATE TABLE `departement` (
  `ID` tinyint(3) unsigned NOT NULL AUTO_INCREMENT,
  `CODETAB` varchar(6) NOT NULL DEFAULT '',
  `NOM` varchar(50) NOT NULL DEFAULT '',
  `NAME` varchar(50) DEFAULT NULL,
  `CHEF` varchar(50) DEFAULT NULL,
  PRIMARY KEY (`ID`,`CODETAB`)
) ENGINE=InnoDB DEFAULT CHARSET=latin1;
/*!40101 SET character_set_client = @saved_cs_client */;

--
-- Dumping data for table `departement`
--
-- WHERE:  TRUE limit 100

LOCK TABLES `departement` WRITE;
/*!40000 ALTER TABLE `departement` DISABLE KEYS */;
/*!40000 ALTER TABLE `departement` ENABLE KEYS */;
UNLOCK TABLES;

--
-- Table structure for table `diplome`
--

DROP TABLE IF EXISTS `diplome`;
/*!40101 SET @saved_cs_client     = @@character_set_client */;
/*!40101 SET character_set_client = utf8 */;
CREATE TABLE `diplome` (
  `DIPLOME` varchar(10) NOT NULL DEFAULT '',
  `DESCRIPTION` varchar(100) DEFAULT NULL,
  PRIMARY KEY (`DIPLOME`)
) ENGINE=InnoDB DEFAULT CHARSET=latin1;
/*!40101 SET character_set_client = @saved_cs_client */;

--
-- Dumping data for table `diplome`
--
-- WHERE:  TRUE limit 100

LOCK TABLES `diplome` WRITE;
/*!40000 ALTER TABLE `diplome` DISABLE KEYS */;
INSERT INTO `diplome` VALUES ('AL','GCE A LEVEL'),('BAC','BACCALAUREAT DE L4ENSEIGNEMENT GENERAL'),('BT','BREVET DE TECHNICIEN'),('BTS','BREVET DE TECHNICIEN SUPERIEUR'),('DEA','DIPLOME D\'ETUDES APPROFONDIES'),('DEUG','DIPLOME D\'ETUDE UNIVERSITAIRE GENERALE'),('DIPES1','DIPLOME DE PROFESSEUR DE L\'ENSEIGNEMENT SECONDAIRE'),('DUT','DIPLOME UNIVERSITAIRE DE TECHNOLOGIE'),('ITGC','INGÉNIEUR DES TRAVAUX DE GÉNIE CIVIL'),('LICENCE','LICENCE'),('MAITRISE','MAITRISE');
/*!40000 ALTER TABLE `diplome` ENABLE KEYS */;
UNLOCK TABLES;

--
-- Table structure for table `du`
--

DROP TABLE IF EXISTS `du`;
/*!40101 SET @saved_cs_client     = @@character_set_client */;
/*!40101 SET character_set_client = utf8 */;
CREATE TABLE `du` (
  `CODETAB` varchar(6) NOT NULL DEFAULT '',
  `CODNAT` char(3) NOT NULL DEFAULT '',
  `MONTANT` int(7) unsigned DEFAULT NULL,
  PRIMARY KEY (`CODETAB`,`CODNAT`),
  KEY `FK_du_1` (`CODNAT`),
  CONSTRAINT `FK_du_1` FOREIGN KEY (`CODNAT`) REFERENCES `nationalite` (`CODNAT`) ON DELETE CASCADE ON UPDATE CASCADE,
  CONSTRAINT `FK_du_2` FOREIGN KEY (`CODETAB`) REFERENCES `etablissement` (`CODETAB`) ON DELETE CASCADE ON UPDATE CASCADE
) ENGINE=InnoDB DEFAULT CHARSET=latin1;
/*!40101 SET character_set_client = @saved_cs_client */;

--
-- Dumping data for table `du`
--
-- WHERE:  TRUE limit 100

LOCK TABLES `du` WRITE;
/*!40000 ALTER TABLE `du` DISABLE KEYS */;
INSERT INTO `du` VALUES ('FALSH','AL',300000),('FALSH','BE',300000),('FALSH','BK',300000),('FALSH','BR',300000),('FALSH','BU',300000),('FALSH','CG',50000),('FALSH','CI',300000),('FALSH','CM',50000),('FALSH','GB',50000),('FALSH','ML',300000),('FALSH','NIG',300000),('FALSH','RCA',50000),('FALSH','RDC',300000),('FALSH','RM',300000),('FALSH','RW',300000),('FALSH','TC',50000),('FALSH','TQ',300000),('FS','AL',600000),('FS','BE',300000),('FS','BK',300000),('FS','BU',300000),('FS','CG',50000),('FS','CI',300000),('FS','CM',50000),('FS','GB',50000),('FS','ML',600000),('FS','RCA',50000),('FS','RDC',600000),('FS','RM',600000),('FS','RW',300000),('FS','TC',50000),('FS','TQ',600000);
/*!40000 ALTER TABLE `du` ENABLE KEYS */;
UNLOCK TABLES;

--
-- Table structure for table `etablissement`
--

DROP TABLE IF EXISTS `etablissement`;
/*!40101 SET @saved_cs_client     = @@character_set_client */;
/*!40101 SET character_set_client = utf8 */;
CREATE TABLE `etablissement` (
  `CODETAB` varchar(6) NOT NULL DEFAULT '',
  `NOM` varchar(100) DEFAULT NULL,
  `NAME` varchar(100) DEFAULT NULL,
  `CHEF` varchar(50) DEFAULT NULL,
  `ADRESSE` varchar(100) DEFAULT NULL,
  `TEL` varchar(15) DEFAULT NULL,
  `FAX` varchar(15) DEFAULT NULL,
  PRIMARY KEY (`CODETAB`)
) ENGINE=InnoDB DEFAULT CHARSET=latin1;
/*!40101 SET character_set_client = @saved_cs_client */;

--
-- Dumping data for table `etablissement`
--
-- WHERE:  TRUE limit 100

LOCK TABLES `etablissement` WRITE;
/*!40000 ALTER TABLE `etablissement` DISABLE KEYS */;
INSERT INTO `etablissement` VALUES ('FALSH','FACULTE DES  ARTS, LETTRES ET SCIENCES HUMAINES','FACULTY OF LETTERS, ARTS AND SOCIAL SCIENCES','','BP 755 YAOUNDE - CAMEROUN','+237 22.22.2405',''),('FS','FACULTE DES SCIENCES','FACULTY OF SCIENCE','','BP 812 YAOUNDE - CAMEROUN','+237 22.23.4496','');
/*!40000 ALTER TABLE `etablissement` ENABLE KEYS */;
UNLOCK TABLES;

--
-- Table structure for table `etudiant`
--

DROP TABLE IF EXISTS `etudiant`;
/*!40101 SET @saved_cs_client     = @@character_set_client */;
/*!40101 SET character_set_client = utf8 */;
CREATE TABLE `etudiant` (
  `MATRICULE` varchar(10) NOT NULL DEFAULT '',
  `NOM` varchar(100) NOT NULL DEFAULT '',
  `SEXE` enum('M','F') DEFAULT NULL,
  `PERE` varchar(50) DEFAULT NULL,
  `MERE` varchar(50) DEFAULT NULL,
  `ADRESSE` varchar(100) DEFAULT NULL,
  `DATENAISSANCE` varchar(30) DEFAULT NULL,
  `CODNAT` char(3) NOT NULL DEFAULT '',
  `CODPROVINCE` char(3) NOT NULL DEFAULT '',
  `VILLENAISSANCE` varchar(100) DEFAULT NULL,
  `DIPLOME` varchar(10) DEFAULT NULL,
  `SESSION` year(4) DEFAULT NULL,
  `DATEINS` datetime DEFAULT NULL,
  `LANGUE` enum('A','F') DEFAULT 'F',
  PRIMARY KEY (`MATRICULE`)
) ENGINE=InnoDB DEFAULT CHARSET=latin1;
/*!40101 SET character_set_client = @saved_cs_client */;

--
-- Dumping data for table `etudiant`
--
-- WHERE:  TRUE limit 100

LOCK TABLES `etudiant` WRITE;
/*!40000 ALTER TABLE `etudiant` DISABLE KEYS */;
INSERT INTO `etudiant` VALUES ('','',NULL,NULL,NULL,NULL,NULL,'','',NULL,NULL,NULL,NULL,'F'),('00F215','BILOA ATANGANA DIEUDONNE','M','','','','6/11/1977','CM','CE','ELIG YEN','BAC',2000,'2003-02-27 00:00:00','F'),('00K010','KAMNO BOPDA ANIE LAURE','F','','','','7/7/1982','CM','OU','YAOUNDE','BAC',2000,'2002-03-08 00:00:00','F'),('00Q001','MVOUING VICKY LEANDRE','M','','','','17/11/1976','CM','AD','BANKIM','BAC',2000,'2002-03-08 00:00:00','F'),('00Q002','BANGUE EMMANUELE NOEL','F','','','','16/2/1980','CM','LT','YAOUNDE','BAC',2000,'2002-03-08 00:00:00','F'),('00Q003','BENG NICKSON EBUA','M','','','','29/12/1981','CM','NW','WUM','BAC',2000,'2002-03-08 00:00:00','F'),('00Q005','ASHU NKENGWA CHRISTIANA','F','','','','19/5/1980','CM','SW','KUMBA','BAC',2000,'2003-02-07 00:00:00','F'),('00Q006','MADE NJOMBOU EVELYNE','F','','','','13/8/1981','CM','OU','DOUALA','BAC',2000,'0000-00-00 00:00:00','F'),('00Q007','MINTSA MI TJANI HERVE JEAN-BAPTISTE','M','','','','11/5/1979','CM','LT','NKONGSAMBA','BAC',2000,'2002-03-08 00:00:00','F'),('00Q008','ADE CHE WILLIAM LANDRY','M','','','','28/9/1982','CM','NW','YAOUNDE','BAC',2000,'2003-02-07 00:00:00','F'),('00Q009','BASSOLI TJOLL ROSELYN','M','','','','17/1/1977','CM','LT','ENONGAL','BAC',2000,'2003-12-15 00:00:00','F'),('00Q010','BELA NADINE VICTORINE','M','','','','3/2/1982','CM','CE','NIGA','BAC',2000,'2002-03-08 00:00:00','F'),('00Q012','TCHUISSE NJONTA HENRI','M','','','','22/1/1978','CM','OU','YAOUNDE','BAC',2000,'2002-03-08 00:00:00','F'),('00Q013','NJUNDEM ISMAILA','M','','','','8/3/1980','CM','OU','KOUMETAKET','BAC',2000,'2003-06-23 00:00:00','F'),('00Q014','BEYEBIKI BEBOULE NEULY','F','','','','10/6/1982','CM','CE','TCHEKOS','BAC',2000,'2004-01-12 00:00:00','F'),('00Q016','KAMDJEU NJINKE RITA GAEL','F','','','','13/3/1979','CM','OU','BANGOUA','BAC',2000,'2003-12-12 00:00:00','F'),('00Q017','WAGUIA KOUAM CARINE BEBE','F','','','','10/5/1982','CM','OU','PENJA','BAC',2000,'2003-02-07 00:00:00','F'),('00Q018','MANDOU MOUNCHAROU MARIE SOLANGE','F','','','','10/9/1973','CM','OU','FOUMBAN','BAC',2000,'2003-02-07 00:00:00','F'),('00Q019','NONO KENVO YANNICK','M','','','','7/9/1981','CM','OU','NGAOUNDERE','BAC',2000,'2003-02-07 00:00:00','F'),('00Q021','LOUMGAM NIEZOM SANDRINE EDWIGE','F','','','','15/4/1981','CM','AD','DOUALA','BAC',2000,'2002-03-08 00:00:00','F'),('00Q022','TAKODJOU SOBZU CHARPY DEPREZ','M','','','','20/5/1983','CM','OU','YAOUNDE','BAC',2000,'2003-06-05 00:00:00','F'),('00Q023','MPODE NKOUM FRANK DIEUDONNE','M','','','','14/5/1982','CM','CE','DOUALA','BAC',2000,'2003-02-07 00:00:00','F'),('00Q024','ALENE ONDO GHISLAINE','F','','','','11/9/1976','CM','OU','NDJAZENG','BAC',2000,'2002-03-08 00:00:00','F'),('00Q025','EBANGA EYEGUE JOSEPH','M','','','','28/11/1977','CM','CE','AKONO','BAC',2000,'2003-07-23 00:00:00','F'),('00Q026','MFOUAPON RICHARD','M','','','','0/0/1979','CM','OU','BAIGOM','BAC',2000,'2003-07-02 00:00:00','F'),('00Q027','EDZOA ESSOMBA BRICE','M','','','','1/1/1981','CM','CE','YAOUNDE','BAC',2000,'2003-02-07 00:00:00','F'),('00Q028','NDEFRE FIRMIN DESIRE','M','','','','11/5/1979','CM','OU','YAOUNDE','BAC',2000,'2003-02-24 00:00:00','F'),('00Q030','ABOMO PIERRE STEVE','M','','','','2/1/1981','CM','SU','FOULASSI','BAC',2000,'2003-06-10 00:00:00','F'),('00Q031','KAMDOUM MBIAGNA GUY-PAULIN','M','','','','26/1/1981','CM','OU','YAOUNDE','BAC',2000,'2002-03-08 00:00:00','F'),('00Q032','ODODI EDWIGE VIVIANE','F','','','','5/7/1983','CM','OU','MBALMAYO','BAC',2000,'2002-03-08 00:00:00','F'),('00Q033','CAROLE MARIE LAURE NOGHA','F','','','','23/8/1980','CM','CE','FRANCE','BAC',2000,'2002-03-08 00:00:00','F'),('00Q034','MONJAP MOULIOM ALINE','F','','','','21/12/1978','CM','OU','NJISSE','BAC',2000,'2003-02-07 00:00:00','F'),('00Q035','NGANOU DONKENG NADEGE','F','','','','29/2/1980','CM','OU','YAOUNDE','BAC',2000,'2003-06-05 00:00:00','F'),('00Q036','TATOU MICHEL VALERY','M','','','','5/1/1980','CM','OU','YAOUNDE','BAC',2000,'2002-03-08 00:00:00','F'),('00Q037','NKILI FOUDA MICHEL G. CHARLY','M','','','','29/11/1978','CM','CE','BERTOUA','BAC',2000,'2003-02-26 00:00:00','F'),('00Q038','MAHAMAT BICHER','M','','','','14/4/1979','CM','EN','MORA','BAC',2000,'2002-03-08 00:00:00','F'),('00Q039','NDOUBI METOGO TOUSSAINT PATRICE','M','','','','1/11/1981','CM','CE','NSELANG','BAC',2000,'2003-02-07 00:00:00','F'),('00Q040','TOUKO NGANGOUE MIREILLE','F','','','','23/7/1982','CM','OU','MFOUNDI','BAC',2000,'2002-03-08 00:00:00','F'),('00Q043','MOLUH NGOULOURE INOUSSA','M','','','','27/12/1980','CM','OU','BANKOUOP','BAC',2000,'2003-07-08 00:00:00','F'),('00Q044','DEMGNE TEGUIA FLORA HORTENSE','F','','','','22/7/1980','CM','OU','BERTOUA','BAC',2000,'2003-12-15 00:00:00','F'),('00Q045','EDOU NNANGA NICOLAS','M','','','','23/2/1978','CM','CE','EBOA','BAC',2000,'2002-03-08 00:00:00','F'),('00Q047','MEZE\'E THIERRY','M','','','','25/8/1977','CM','SU','MENGONG','BAC',2000,'2004-01-05 00:00:00','F'),('00Q048','NDJOKOU IDIBWANI MARIE ISABELLE','F','','','','24/1/1980','CM','SU','KRIBI','BAC',2000,'2003-02-18 00:00:00','F'),('00Q050','TANGWA SERGE MARTIAL DIT EPEE','M','','','','24/9/1981','CM','LT','DOUALA','BAC',2000,'2002-03-08 00:00:00','F'),('00Q051','YINO MEYONG FERRY','M','','','','29/6/1983','CM','ES','ABONG-MBANG','BAC',2000,'2003-09-12 00:00:00','F'),('00Q052','NGATCHE DANY LAURELLE','F','','','','28/3/1978','CM','OU','MOUNGO','BAC',2000,'2002-03-08 00:00:00','F'),('00Q054','KAMDEM KOUAM ACHILLE','M','','','','31/7/1982','CM','OU','BAFOUSSAM','BAC',2000,'2002-03-08 00:00:00','F'),('00Q055','NINKUI FOTIE HENRI JOEL','M','','','','13/7/1981','CM','OU','BANDJOUN','BAC',2000,'2003-02-14 00:00:00','F'),('00Q056','OYONO OYONO GABRIEL LANDRY','M','','','','11/5/1978','CM','SU','PARIS 12E','BAC',2000,'0000-00-00 00:00:00','F'),('00Q057','MOUANGUE RUBEN MARTIN','M','','','','14/1/1981','CM','LT','YAOUNDE','BAC',2000,'2003-02-18 00:00:00','F'),('00Q058','MBENDI DIDIER BRICE','M','','','','28/7/1983','CM','SU','YAOUNDE','BAC',2000,'2003-12-09 00:00:00','F'),('00Q059','NGO MBUHNUM LUCIE CHARITE','M','','','','3/1/1983','CM','CE','YAOUNDE','BAC',2000,'2003-10-20 00:00:00','F'),('00Q060','ESSONO JEAN BRUNO','M','','','','30/9/1978','CM','SU','NGAM','BAC',2000,'2002-03-08 00:00:00','F'),('00Q061','NZOUENTENG YETMOU PARFAIT ONESPHORE','M','','','','20/8/1981','CM','OU','YAOUNDE','BAC',2000,'2003-06-17 00:00:00','F'),('00Q064','SAA ARCHILES','M','','','','12/2/1979','CM','OU','BALOUM','BAC',2000,'2002-03-08 00:00:00','F'),('00Q065','DJOKO PAUL ROMARIC','M','','','','12/2/1981','CM','OU','AMBAM','BAC',2000,'2002-03-08 00:00:00','F'),('00Q066','NGANKEU MAFEUGOU ELIONORE','F','','','','16/9/1980','CM','OU','NDOUNGUE','BAC',2000,'2002-03-08 00:00:00','F'),('00Q067','MENGOLO ASSAMBA JOEL','M','','','','1/9/1981','CM','CE','YAOUNDE','BAC',2000,'2003-04-01 00:00:00','F'),('00Q068','NGAKU DJAMPOU SYLVESTER','M','','','','24/11/1981','CM','OU','YAOUNDE','BAC',2000,'2003-07-22 00:00:00','F'),('00Q069','MOUNE MICHEL','M','','','','3/9/1978','CM','CE','ESEKA','BAC',2000,'2003-07-14 00:00:00','F'),('00Q071','ZEDONG DJOUMESSI CALVIN GABRIEL','M','','','','4/7/1978','CM','OU','DSCHANG','BAC',2000,'2003-11-28 00:00:00','F'),('00Q072','OMBALA ONDOA SAMSON HERVE','M','','','','26/4/1982','CM','CE','MONATELE','BAC',2000,'2003-07-11 00:00:00','F'),('00Q073','DTSAGUE FEUGA CLAUDE LEROY','M','','','','18/1/1980','CM','OU','BAMUNKA','BAC',2000,'2003-07-21 00:00:00','F'),('00Q074','NANA TCHOUANKEP CHIMENE PEROU','M','','','','5/12/1980','CM','OU','SANGMELIMA','BAC',2000,'2003-06-19 00:00:00','F'),('00Q077','DZOUAKEU NDJEUNDAM GILL FABRICE','M','','','','10/4/1978','CM','OU','NKONGSAMBA','BAC',2000,'2003-07-21 00:00:00','F'),('00Q078','FOSSO JULES','M','','','','7/11/1977','CM','OU','BAMENKOMBO','BAC',2000,'2003-06-16 00:00:00','F'),('00Q082','BAMI BILOA GUY ROSTAND','M','','','','19/5/1981','CM','CE','NTUI','BAC',2000,'2003-02-18 00:00:00','F'),('00Q083','EYENGA BELINGA MARIE MONIQUE','F','','','','27/3/1979','CM','CE','YAOUNDE','BAC',2000,'2002-03-08 00:00:00','F'),('00Q084','MBOUOMBOUO OSCAR ERIC','M','','','','5/1/1982','CM','CE','BAIGOM','BAC',2000,'2003-12-08 00:00:00','F'),('00Q086','FEUGAIN SAMUEL','M','','','','9/7/1980','CM','OU','BALENG','BAC',2000,'2002-03-08 00:00:00','F'),('00Q087','DONALDBEN MBAGAG NEBA','M','','','','19/8/1979','CM','NW','BAMENDA','BAC',2000,'0000-00-00 00:00:00','F'),('00Q088','MONKAM TONGUE INES DIANE','F','','','','22/5/1981','CM','OU','YAOUNDE','BAC',2000,'2002-03-08 00:00:00','F'),('00Q089','HENCHEU STENISLAS','M','','','','18/5/1980','CM','OU','NDOUNGUE','BAC',2000,'2002-03-08 00:00:00','F'),('00Q090','MESSAMBI ARONNE','M','','','','17/9/1980','CM','ES','YAOUNDE','BAC',2000,'2002-03-08 00:00:00','F'),('00Q091','BANZANG JEAN PIERRE','M','','','','3/8/1982','CM','ES','DOUME','BAC',2000,'2002-03-08 00:00:00','F'),('00Q092','MANI PIERRE ERIC','M','','','','7/1/1981','CM','CE','OBALA','BAC',2000,'2002-03-08 00:00:00','F'),('00Q093','BAKANAGA ADALBERT','M','','','','28/1/1978','CM','LT','NDOM','BAC',2000,'2002-03-08 00:00:00','F'),('00Q096','MENANA MBIDA DAMIEN','M','','','','20/7/1979','CM','CE','SAA','BAC',2000,'2003-02-07 00:00:00','F'),('00Q097','SOMBLE THEOPHILE','M','','','','15/10/1976','CM','AD','BANKIM','BAC',2000,'2003-02-07 00:00:00','F'),('00Q098','BOUTCHEKO NOUTONG BERNARD','M','','','','8/3/1979','CM','OU','BAMENDJOU','BAC',2000,'2003-02-20 00:00:00','F'),('00Q099','NKOUGA THIERRY THIBO','M','','','','1/10/1978','CM','OU','NJOMBE','BAC',2000,'2002-03-08 00:00:00','F'),('00Q100','KOMONO JOSEPH','M','','','','1/8/1980','CM','CE','METET','BAC',2000,'2003-02-07 00:00:00','F'),('00Q101','KWAMOU KOUAYEP BERTRAND MIRADOR','M','','','','11/5/1984','CM','OU','BAFIA','BAC',2000,'2002-03-08 00:00:00','F'),('00Q102','NGUIPE SOTONG ESTHER LAURE ADELINE','F','','','','6/9/1977','CM','SU','ELOGBATINDI','BAC',2000,'2003-07-03 00:00:00','F'),('00Q103','MBOCK NGUELLE ROBERT SERGE','M','','','','15/5/1981','CM','LT','EDEA','BAC',2000,'2003-02-07 00:00:00','F'),('00Q104','LEMANA LOUIS BENJAMIN','M','','','','31/3/1978','CM','CE','LOUM','BAC',2000,'2003-10-01 00:00:00','F'),('00Q105','KOOH JEAN PASCAL','M','','','','17/5/1981','CM','CE','NGOG-MAPUBI','BAC',2000,'2002-03-08 00:00:00','F'),('00Q106','NTOMBA SYLVESTRE MARTIAL','M','','','','19/9/1980','CM','CE','YAOUNDE','BAC',2000,'2003-06-27 00:00:00','F'),('00Q108','OUMAROU DOKO RICHARD','M','','','','30/1/1980','CM','SU','EFOULAN','BAC',2000,'2003-02-07 00:00:00','F'),('00Q109','KUISSI WANDJI SERGE CHRISTIAN','M','','','','3/10/1982','CM','OU','NDOUNGUE','BAC',2000,'2003-09-29 00:00:00','F'),('00Q110','YANKAM NJOKOUE ERIC STEPHANE','M','','','','2/1/1979','CM','OU','ENONGAL','BAC',2000,'2002-03-08 00:00:00','F'),('00Q112','ASSOMO AKONO NADINE SONYA','F','','','','15/2/1981','CM','SU','YAOUNDE','BAC',2000,'2003-12-03 00:00:00','F'),('00Q113','BALLA ALEXIS','M','','','','29/6/1979','CM','CE','DOUALA','BAC',2000,'2002-03-08 00:00:00','F'),('00Q114','FISSENG A MADEM','M','','','','7/2/1978','CM','CE','YAOUNDE','BAC',2000,'2004-01-12 00:00:00','F'),('00Q115','KENNE TATCHOFFO SERGE MARTIAL','M','','','','17/4/1981','CM','OU','YAOUNDE','BAC',2000,'2003-02-07 00:00:00','F'),('00Q116','TCHATCHOUANG MODESTE','M','','','','22/5/1978','CM','OU','BAFOUSSAM','BAC',2000,'2003-07-17 00:00:00','F'),('00Q117','MBAZOA OWONA HONORE DESIRE','M','','','','16/5/1978','CM','CE','YAOUNDE','BAC',2000,'2003-02-13 00:00:00','F'),('00Q118','POUENPAINMOUN JEAN-PIERRE','M','','','','17/8/1980','CM','OU','FOUMBOT','BAC',2000,'2003-02-19 00:00:00','F'),('00Q119','AMOUGOU ERIC LAURENCE','M','','','','22/1/1982','CM','SU','BIWONG-BOULOU','BAC',2000,'2003-02-18 00:00:00','F'),('00Q120','OTTOU BESSALA SIMON','M','','','','5/9/1983','CM','CE','ETOA','BAC',2000,'2003-02-20 00:00:00','F');
/*!40000 ALTER TABLE `etudiant` ENABLE KEYS */;
UNLOCK TABLES;

--
-- Table structure for table `etudiantmod`
--

DROP TABLE IF EXISTS `etudiantmod`;
/*!40101 SET @saved_cs_client     = @@character_set_client */;
/*!40101 SET character_set_client = utf8 */;
CREATE TABLE `etudiantmod` (
  `MATRICULE` varchar(10) NOT NULL DEFAULT '',
  `NOM` varchar(100) NOT NULL DEFAULT '',
  `SEXE` enum('M','F') DEFAULT NULL,
  `PERE` varchar(50) DEFAULT NULL,
  `MERE` varchar(50) DEFAULT NULL,
  `ADRESSE` varchar(100) DEFAULT NULL,
  `DATENAISSANCE` varchar(30) DEFAULT NULL,
  `CODNAT` char(3) NOT NULL DEFAULT '',
  `CODPROVINCE` char(3) NOT NULL DEFAULT '',
  `VILLENAISSANCE` varchar(100) DEFAULT NULL,
  `DIPLOME` varchar(10) DEFAULT NULL,
  `SESSION` year(4) DEFAULT NULL,
  `DATEINS` datetime DEFAULT NULL,
  `LANGUE` enum('A','F') DEFAULT 'F',
  PRIMARY KEY (`MATRICULE`)
) ENGINE=InnoDB DEFAULT CHARSET=latin1;
/*!40101 SET character_set_client = @saved_cs_client */;

--
-- Dumping data for table `etudiantmod`
--
-- WHERE:  TRUE limit 100

LOCK TABLES `etudiantmod` WRITE;
/*!40000 ALTER TABLE `etudiantmod` DISABLE KEYS */;
INSERT INTO `etudiantmod` VALUES ('00F215','BILOA ATANGANA DIEUDONNE','M','','','','6/11/1977','CM','CE','ELIG YEN','BAC',2000,'2003-02-27 00:00:00','F'),('00K010','KAMNO BOPDA ANIE LAURE','F','','','','7/7/1982','CM','OU','YAOUNDE','BAC',2000,'2002-03-08 00:00:00','F'),('00Q001','MVOUING VICKY LEANDRE','M','','','','17/11/1976','CM','AD','BANKIM','BAC',2000,'2002-03-08 00:00:00','F'),('00Q002','BANGUE EMMANUELE NOEL','F','','','','16/2/1980','CM','LT','YAOUNDE','BAC',2000,'2002-03-08 00:00:00','F'),('00Q003','BENG NICKSON EBUA','M','','','','29/12/1981','CM','NW','WUM','BAC',2000,'2002-03-08 00:00:00','F'),('00Q005','ASHU NKENGWA CHRISTIANA','F','','','','19/5/1980','CM','SW','KUMBA','BAC',2000,'2003-02-07 00:00:00','F'),('00Q006','MADE NJOMBOU EVELYNE','F','','','','13/8/1981','CM','OU','DOUALA','BAC',2000,'0000-00-00 00:00:00','F'),('00Q007','MINTSA MI TJANI HERVE JEAN-BAPTISTE','M','','','','11/5/1979','CM','LT','NKONGSAMBA','BAC',2000,'2002-03-08 00:00:00','F'),('00Q008','ADE CHE WILLIAM LANDRY','M','','','','28/9/1982','CM','NW','YAOUNDE','BAC',2000,'2003-02-07 00:00:00','F'),('00Q009','BASSOLI TJOLL ROSELYN','M','','','','17/1/1977','CM','LT','ENONGAL','BAC',2000,'2003-12-15 00:00:00','F'),('00Q010','BELA NADINE VICTORINE','M','','','','3/2/1982','CM','CE','NIGA','BAC',2000,'2002-03-08 00:00:00','F'),('00Q012','TCHUISSE NJONTA HENRI','M','','','','22/1/1978','CM','OU','YAOUNDE','BAC',2000,'2002-03-08 00:00:00','F'),('00Q013','NJUNDEM ISMAILA','M','','','','8/3/1980','CM','OU','KOUMETAKET','BAC',2000,'2003-06-23 00:00:00','F'),('00Q014','BEYEBIKI BEBOULE NEULY','F','','','','10/6/1982','CM','CE','TCHEKOS','BAC',2000,'2004-01-12 00:00:00','F'),('00Q016','KAMDJEU NJINKE RITA GAEL','F','','','','13/3/1979','CM','OU','BANGOUA','BAC',2000,'2003-12-12 00:00:00','F'),('00Q017','WAGUIA KOUAM CARINE BEBE','F','','','','10/5/1982','CM','OU','PENJA','BAC',2000,'2003-02-07 00:00:00','F'),('00Q018','MANDOU MOUNCHAROU MARIE SOLANGE','F','','','','10/9/1973','CM','OU','FOUMBAN','BAC',2000,'2003-02-07 00:00:00','F'),('00Q019','NONO KENVO YANNICK','M','','','','7/9/1981','CM','OU','NGAOUNDERE','BAC',2000,'2003-02-07 00:00:00','F'),('00Q021','LOUMGAM NIEZOM SANDRINE EDWIGE','F','','','','15/4/1981','CM','AD','DOUALA','BAC',2000,'2002-03-08 00:00:00','F'),('00Q022','TAKODJOU SOBZU CHARPY DEPREZ','M','','','','20/5/1983','CM','OU','YAOUNDE','BAC',2000,'2003-06-05 00:00:00','F'),('00Q023','MPODE NKOUM FRANK DIEUDONNE','M','','','','14/5/1982','CM','CE','DOUALA','BAC',2000,'2003-02-07 00:00:00','F'),('00Q024','ALENE ONDO GHISLAINE','F','','','','11/9/1976','CM','OU','NDJAZENG','BAC',2000,'2002-03-08 00:00:00','F'),('00Q025','EBANGA EYEGUE JOSEPH','M','','','','28/11/1977','CM','CE','AKONO','BAC',2000,'2003-07-23 00:00:00','F'),('00Q026','MFOUAPON RICHARD','M','','','','0/0/1979','CM','OU','BAIGOM','BAC',2000,'2003-07-02 00:00:00','F'),('00Q027','EDZOA ESSOMBA BRICE','M','','','','1/1/1981','CM','CE','YAOUNDE','BAC',2000,'2003-02-07 00:00:00','F'),('00Q028','NDEFRE FIRMIN DESIRE','M','','','','11/5/1979','CM','OU','YAOUNDE','BAC',2000,'2003-02-24 00:00:00','F'),('00Q030','ABOMO PIERRE STEVE','M','','','','2/1/1981','CM','SU','FOULASSI','BAC',2000,'2003-06-10 00:00:00','F'),('00Q031','KAMDOUM MBIAGNA GUY-PAULIN','M','','','','26/1/1981','CM','OU','YAOUNDE','BAC',2000,'2002-03-08 00:00:00','F'),('00Q032','ODODI EDWIGE VIVIANE','F','','','','5/7/1983','CM','OU','MBALMAYO','BAC',2000,'2002-03-08 00:00:00','F'),('00Q033','CAROLE MARIE LAURE NOGHA','F','','','','23/8/1980','CM','CE','FRANCE','BAC',2000,'2002-03-08 00:00:00','F'),('00Q034','MONJAP MOULIOM ALINE','F','','','','21/12/1978','CM','OU','NJISSE','BAC',2000,'2003-02-07 00:00:00','F'),('00Q035','NGANOU DONKENG NADEGE','F','','','','29/2/1980','CM','OU','YAOUNDE','BAC',2000,'2003-06-05 00:00:00','F'),('00Q036','TATOU MICHEL VALERY','M','','','','5/1/1980','CM','OU','YAOUNDE','BAC',2000,'2002-03-08 00:00:00','F'),('00Q037','NKILI FOUDA MICHEL G. CHARLY','M','','','','29/11/1978','CM','CE','BERTOUA','BAC',2000,'2003-02-26 00:00:00','F'),('00Q038','MAHAMAT BICHER','M','','','','14/4/1979','CM','EN','MORA','BAC',2000,'2002-03-08 00:00:00','F'),('00Q039','NDOUBI METOGO TOUSSAINT PATRICE','M','','','','1/11/1981','CM','CE','NSELANG','BAC',2000,'2003-02-07 00:00:00','F'),('00Q040','TOUKO NGANGOUE MIREILLE','F','','','','23/7/1982','CM','OU','MFOUNDI','BAC',2000,'2002-03-08 00:00:00','F'),('00Q043','MOLUH NGOULOURE INOUSSA','M','','','','27/12/1980','CM','OU','BANKOUOP','BAC',2000,'2003-07-08 00:00:00','F'),('00Q044','DEMGNE TEGUIA FLORA HORTENSE','F','','','','22/7/1980','CM','OU','BERTOUA','BAC',2000,'2003-12-15 00:00:00','F'),('00Q045','EDOU NNANGA NICOLAS','M','','','','23/2/1978','CM','CE','EBOA','BAC',2000,'2002-03-08 00:00:00','F'),('00Q047','MEZE\'E THIERRY','M','','','','25/8/1977','CM','SU','MENGONG','BAC',2000,'2004-01-05 00:00:00','F'),('00Q048','NDJOKOU IDIBWANI MARIE ISABELLE','F','','','','24/1/1980','CM','SU','KRIBI','BAC',2000,'2003-02-18 00:00:00','F'),('00Q050','TANGWA SERGE MARTIAL DIT EPEE','M','','','','24/9/1981','CM','LT','DOUALA','BAC',2000,'2002-03-08 00:00:00','F'),('00Q051','YINO MEYONG FERRY','M','','','','29/6/1983','CM','ES','ABONG-MBANG','BAC',2000,'2003-09-12 00:00:00','F'),('00Q052','NGATCHE DANY LAURELLE','F','','','','28/3/1978','CM','OU','MOUNGO','BAC',2000,'2002-03-08 00:00:00','F'),('00Q054','KAMDEM KOUAM ACHILLE','M','','','','31/7/1982','CM','OU','BAFOUSSAM','BAC',2000,'2002-03-08 00:00:00','F'),('00Q055','NINKUI FOTIE HENRI JOEL','M','','','','13/7/1981','CM','OU','BANDJOUN','BAC',2000,'2003-02-14 00:00:00','F'),('00Q056','OYONO OYONO GABRIEL LANDRY','M','','','','11/5/1978','CM','SU','PARIS 12E','BAC',2000,'0000-00-00 00:00:00','F'),('00Q057','MOUANGUE RUBEN MARTIN','M','','','','14/1/1981','CM','LT','YAOUNDE','BAC',2000,'2003-02-18 00:00:00','F'),('00Q058','MBENDI DIDIER BRICE','M','','','','28/7/1983','CM','SU','YAOUNDE','BAC',2000,'2003-12-09 00:00:00','F'),('00Q059','NGO MBUHNUM LUCIE CHARITE','M','','','','3/1/1983','CM','CE','YAOUNDE','BAC',2000,'2003-10-20 00:00:00','F'),('00Q060','ESSONO JEAN BRUNO','M','','','','30/9/1978','CM','SU','NGAM','BAC',2000,'2002-03-08 00:00:00','F'),('00Q061','NZOUENTENG YETMOU PARFAIT ONESPHORE','M','','','','20/8/1981','CM','OU','YAOUNDE','BAC',2000,'2003-06-17 00:00:00','F'),('00Q064','SAA ARCHILES','M','','','','12/2/1979','CM','OU','BALOUM','BAC',2000,'2002-03-08 00:00:00','F'),('00Q065','DJOKO PAUL ROMARIC','M','','','','12/2/1981','CM','OU','AMBAM','BAC',2000,'2002-03-08 00:00:00','F'),('00Q066','NGANKEU MAFEUGOU ELIONORE','F','','','','16/9/1980','CM','OU','NDOUNGUE','BAC',2000,'2002-03-08 00:00:00','F'),('00Q067','MENGOLO ASSAMBA JOEL','M','','','','1/9/1981','CM','CE','YAOUNDE','BAC',2000,'2003-04-01 00:00:00','F'),('00Q068','NGAKU DJAMPOU SYLVESTER','M','','','','24/11/1981','CM','OU','YAOUNDE','BAC',2000,'2003-07-22 00:00:00','F'),('00Q069','MOUNE MICHEL','M','','','','3/9/1978','CM','CE','ESEKA','BAC',2000,'2003-07-14 00:00:00','F'),('00Q071','ZEDONG DJOUMESSI CALVIN GABRIEL','M','','','','4/7/1978','CM','OU','DSCHANG','BAC',2000,'2003-11-28 00:00:00','F'),('00Q072','OMBALA ONDOA SAMSON HERVE','M','','','','26/4/1982','CM','CE','MONATELE','BAC',2000,'2003-07-11 00:00:00','F'),('00Q073','DTSAGUE FEUGA CLAUDE LEROY','M','','','','18/1/1980','CM','OU','BAMUNKA','BAC',2000,'2003-07-21 00:00:00','F'),('00Q074','NANA TCHOUANKEP CHIMENE PEROU','M','','','','5/12/1980','CM','OU','SANGMELIMA','BAC',2000,'2003-06-19 00:00:00','F'),('00Q077','DZOUAKEU NDJEUNDAM GILL FABRICE','M','','','','10/4/1978','CM','OU','NKONGSAMBA','BAC',2000,'2003-07-21 00:00:00','F'),('00Q078','FOSSO JULES','M','','','','7/11/1977','CM','OU','BAMENKOMBO','BAC',2000,'2003-06-16 00:00:00','F'),('00Q082','BAMI BILOA GUY ROSTAND','M','','','','19/5/1981','CM','CE','NTUI','BAC',2000,'2003-02-18 00:00:00','F'),('00Q083','EYENGA BELINGA MARIE MONIQUE','F','','','','27/3/1979','CM','CE','YAOUNDE','BAC',2000,'2002-03-08 00:00:00','F'),('00Q084','MBOUOMBOUO OSCAR ERIC','M','','','','5/1/1982','CM','CE','BAIGOM','BAC',2000,'2003-12-08 00:00:00','F'),('00Q086','FEUGAIN SAMUEL','M','','','','9/7/1980','CM','OU','BALENG','BAC',2000,'2002-03-08 00:00:00','F'),('00Q087','DONALDBEN MBAGAG NEBA','M','','','','19/8/1979','CM','NW','BAMENDA','BAC',2000,'0000-00-00 00:00:00','F'),('00Q088','MONKAM TONGUE INES DIANE','F','','','','22/5/1981','CM','OU','YAOUNDE','BAC',2000,'2002-03-08 00:00:00','F'),('00Q089','HENCHEU STENISLAS','M','','','','18/5/1980','CM','OU','NDOUNGUE','BAC',2000,'2002-03-08 00:00:00','F'),('00Q090','MESSAMBI ARONNE','M','','','','17/9/1980','CM','ES','YAOUNDE','BAC',2000,'2002-03-08 00:00:00','F'),('00Q091','BANZANG JEAN PIERRE','M','','','','3/8/1982','CM','ES','DOUME','BAC',2000,'2002-03-08 00:00:00','F'),('00Q092','MANI PIERRE ERIC','M','','','','7/1/1981','CM','CE','OBALA','BAC',2000,'2002-03-08 00:00:00','F'),('00Q093','BAKANAGA ADALBERT','M','','','','28/1/1978','CM','LT','NDOM','BAC',2000,'2002-03-08 00:00:00','F'),('00Q096','MENANA MBIDA DAMIEN','M','','','','20/7/1979','CM','CE','SAA','BAC',2000,'2003-02-07 00:00:00','F'),('00Q097','SOMBLE THEOPHILE','M','','','','15/10/1976','CM','AD','BANKIM','BAC',2000,'2003-02-07 00:00:00','F'),('00Q098','BOUTCHEKO NOUTONG BERNARD','M','','','','8/3/1979','CM','OU','BAMENDJOU','BAC',2000,'2003-02-20 00:00:00','F'),('00Q099','NKOUGA THIERRY THIBO','M','','','','1/10/1978','CM','OU','NJOMBE','BAC',2000,'2002-03-08 00:00:00','F'),('00Q100','KOMONO JOSEPH','M','','','','1/8/1980','CM','CE','METET','BAC',2000,'2003-02-07 00:00:00','F'),('00Q101','KWAMOU KOUAYEP BERTRAND MIRADOR','M','','','','11/5/1984','CM','OU','BAFIA','BAC',2000,'2002-03-08 00:00:00','F'),('00Q102','NGUIPE SOTONG ESTHER LAURE ADELINE','F','','','','6/9/1977','CM','SU','ELOGBATINDI','BAC',2000,'2003-07-03 00:00:00','F'),('00Q103','MBOCK NGUELLE ROBERT SERGE','M','','','','15/5/1981','CM','LT','EDEA','BAC',2000,'2003-02-07 00:00:00','F'),('00Q104','LEMANA LOUIS BENJAMIN','M','','','','31/3/1978','CM','CE','LOUM','BAC',2000,'2003-10-01 00:00:00','F'),('00Q105','KOOH JEAN PASCAL','M','','','','17/5/1981','CM','CE','NGOG-MAPUBI','BAC',2000,'2002-03-08 00:00:00','F'),('00Q106','NTOMBA SYLVESTRE MARTIAL','M','','','','19/9/1980','CM','CE','YAOUNDE','BAC',2000,'2003-06-27 00:00:00','F'),('00Q108','OUMAROU DOKO RICHARD','M','','','','30/1/1980','CM','SU','EFOULAN','BAC',2000,'2003-02-07 00:00:00','F'),('00Q109','KUISSI WANDJI SERGE CHRISTIAN','M','','','','3/10/1982','CM','OU','NDOUNGUE','BAC',2000,'2003-09-29 00:00:00','F'),('00Q110','YANKAM NJOKOUE ERIC STEPHANE','M','','','','2/1/1979','CM','OU','ENONGAL','BAC',2000,'2002-03-08 00:00:00','F'),('00Q112','ASSOMO AKONO NADINE SONYA','F','','','','15/2/1981','CM','SU','YAOUNDE','BAC',2000,'2003-12-03 00:00:00','F'),('00Q113','BALLA ALEXIS','M','','','','29/6/1979','CM','CE','DOUALA','BAC',2000,'2002-03-08 00:00:00','F'),('00Q114','FISSENG A MADEM','M','','','','7/2/1978','CM','CE','YAOUNDE','BAC',2000,'2004-01-12 00:00:00','F'),('00Q115','KENNE TATCHOFFO SERGE MARTIAL','M','','','','17/4/1981','CM','OU','YAOUNDE','BAC',2000,'2003-02-07 00:00:00','F'),('00Q116','TCHATCHOUANG MODESTE','M','','','','22/5/1978','CM','OU','BAFOUSSAM','BAC',2000,'2003-07-17 00:00:00','F'),('00Q117','MBAZOA OWONA HONORE DESIRE','M','','','','16/5/1978','CM','CE','YAOUNDE','BAC',2000,'2003-02-13 00:00:00','F'),('00Q118','POUENPAINMOUN JEAN-PIERRE','M','','','','17/8/1980','CM','OU','FOUMBOT','BAC',2000,'2003-02-19 00:00:00','F'),('00Q119','AMOUGOU ERIC LAURENCE','M','','','','22/1/1982','CM','SU','BIWONG-BOULOU','BAC',2000,'2003-02-18 00:00:00','F'),('00Q120','OTTOU BESSALA SIMON','M','','','','5/9/1983','CM','CE','ETOA','BAC',2000,'2003-02-20 00:00:00','F'),('00Q121','GIGLA','M','','','','25/5/1981','CM','EN','TOKOMBERE','BAC',2000,'2003-12-03 00:00:00','F');
/*!40000 ALTER TABLE `etudiantmod` ENABLE KEYS */;
UNLOCK TABLES;

--
-- Table structure for table `evaltype`
--

DROP TABLE IF EXISTS `evaltype`;
/*!40101 SET @saved_cs_client     = @@character_set_client */;
/*!40101 SET character_set_client = utf8 */;
CREATE TABLE `evaltype` (
  `CODEEVAL` varchar(5) NOT NULL DEFAULT '',
  `INTITULE` varchar(50) DEFAULT NULL,
  PRIMARY KEY (`CODEEVAL`)
) ENGINE=InnoDB DEFAULT CHARSET=latin1;
/*!40101 SET character_set_client = @saved_cs_client */;

--
-- Dumping data for table `evaltype`
--
-- WHERE:  TRUE limit 100

LOCK TABLES `evaltype` WRITE;
/*!40000 ALTER TABLE `evaltype` DISABLE KEYS */;
INSERT INTO `evaltype` VALUES ('CC','CONTROLE CONTINU'),('EE','EPREUVE ECRITE'),('EE2','Examen Ecrit 2'),('EP','EPREUVE PRATIQUE');
/*!40000 ALTER TABLE `evaltype` ENABLE KEYS */;
UNLOCK TABLES;

--
-- Table structure for table `evaluations`
--

DROP TABLE IF EXISTS `evaluations`;
/*!40101 SET @saved_cs_client     = @@character_set_client */;
/*!40101 SET character_set_client = utf8 */;
CREATE TABLE `evaluations` (
  `IDUV` mediumint(8) unsigned NOT NULL DEFAULT '0',
  `CODEEVAL` varchar(5) NOT NULL DEFAULT '',
  `COEFFICIENT` decimal(5,2) DEFAULT '0.20',
  PRIMARY KEY (`IDUV`,`CODEEVAL`),
  KEY `FK_evaluations_2` (`CODEEVAL`),
  CONSTRAINT `FK_evaluations_1` FOREIGN KEY (`IDUV`) REFERENCES `uv` (`IDUV`) ON DELETE CASCADE ON UPDATE CASCADE,
  CONSTRAINT `FK_evaluations_2` FOREIGN KEY (`CODEEVAL`) REFERENCES `evaltype` (`CODEEVAL`) ON DELETE CASCADE ON UPDATE CASCADE
) ENGINE=InnoDB DEFAULT CHARSET=latin1;
/*!40101 SET character_set_client = @saved_cs_client */;

--
-- Dumping data for table `evaluations`
--
-- WHERE:  TRUE limit 100

LOCK TABLES `evaluations` WRITE;
/*!40000 ALTER TABLE `evaluations` DISABLE KEYS */;
INSERT INTO `evaluations` VALUES (1,'CC',0.20),(1,'EE',0.80),(2,'CC',0.20),(2,'EP',0.80),(5,'CC',0.20),(5,'EE',0.80),(9,'CC',0.20),(9,'EE',0.80),(10,'CC',0.20),(10,'EP',0.80),(11,'CC',0.20),(11,'EE',0.80),(12,'CC',0.20),(12,'EP',0.80),(13,'CC',0.20),(13,'EE',0.50),(13,'EP',0.30),(14,'CC',0.20),(14,'EE',0.50),(14,'EP',0.30),(15,'CC',0.20),(15,'EE',0.50),(15,'EP',0.30),(16,'CC',0.20),(16,'EE',0.50),(16,'EP',0.30),(17,'CC',0.20),(17,'EE',0.50),(17,'EP',0.30),(18,'CC',0.20),(18,'EE',0.50),(18,'EP',0.30),(19,'CC',0.20),(19,'EP',0.80),(20,'CC',0.20),(20,'EE',0.80),(22,'CC',0.20),(22,'EE',0.80),(23,'CC',0.20),(23,'EE',0.50),(23,'EP',0.30),(24,'CC',0.20),(24,'EE',0.50),(24,'EP',0.30),(26,'CC',0.20),(26,'EE',0.80),(27,'CC',0.20),(27,'EE',0.50),(27,'EP',0.30),(28,'CC',0.20),(28,'EE',0.80),(29,'CC',0.20),(29,'EE',0.50),(29,'EP',0.30),(30,'CC',0.20),(30,'EE',0.50),(30,'EP',0.30),(31,'CC',0.20),(31,'EE',0.50),(31,'EP',0.30),(32,'CC',0.20),(32,'EE',0.50),(32,'EP',0.30),(33,'CC',0.20),(33,'EE',0.50),(33,'EP',0.30),(34,'CC',0.20),(34,'EE',0.80),(35,'CC',0.20),(35,'EE',0.50),(35,'EP',0.30),(36,'CC',0.20),(36,'EE',0.50),(36,'EP',0.30),(37,'CC',0.20),(37,'EE',0.80),(38,'CC',0.20),(38,'EE',0.80),(39,'CC',0.20),(39,'EE',0.80),(40,'CC',0.20),(40,'EE',0.50),(40,'EP',0.30),(41,'CC',0.20),(41,'EE',0.80),(42,'CC',0.20),(42,'EE',0.80),(43,'CC',0.20),(43,'EE',0.80),(44,'CC',0.20),(44,'EE',0.80),(45,'CC',0.20),(45,'EE',0.80),(46,'CC',0.20),(46,'EP',0.80),(47,'CC',0.20),(47,'EP',0.80),(48,'CC',0.20),(48,'EE',0.50),(48,'EP',0.30);
/*!40000 ALTER TABLE `evaluations` ENABLE KEYS */;
UNLOCK TABLES;

--
-- Table structure for table `filiere`
--

DROP TABLE IF EXISTS `filiere`;
/*!40101 SET @saved_cs_client     = @@character_set_client */;
/*!40101 SET character_set_client = utf8 */;
CREATE TABLE `filiere` (
  `IDFIL` mediumint(8) unsigned NOT NULL AUTO_INCREMENT,
  `CODETAB` varchar(6) NOT NULL DEFAULT '',
  `CODFILIERE` varchar(10) DEFAULT NULL,
  `NOM` varchar(50) NOT NULL DEFAULT '',
  PRIMARY KEY (`IDFIL`),
  UNIQUE KEY `filiere_index1402` (`CODETAB`,`CODFILIERE`),
  CONSTRAINT `FK_filiere_1` FOREIGN KEY (`CODETAB`) REFERENCES `etablissement` (`CODETAB`) ON UPDATE CASCADE
) ENGINE=InnoDB AUTO_INCREMENT=40 DEFAULT CHARSET=latin1;
/*!40101 SET character_set_client = @saved_cs_client */;

--
-- Dumping data for table `filiere`
--
-- WHERE:  TRUE limit 100

LOCK TABLES `filiere` WRITE;
/*!40000 ALTER TABLE `filiere` DISABLE KEYS */;
INSERT INTO `filiere` VALUES (1,'FS','LA','LABORATOIRE DE LANGUE'),(2,'FS','BA','BIOLOGIE DES ORGANISMES ANIMAUX'),(3,'FS','ST','SCIENCES DE LA TERRE'),(4,'FS','BV','BIOLOGIE DES ORGANISMES VEGETAUX'),(5,'FS','MP','MINES ET PETROLE'),(6,'FS','SF','SCIENCES FORESTIERES'),(7,'FS','IN','INFORMATIQUE'),(8,'FS','IS','INDUSTRIE DES SEMENCES'),(9,'FS','CH','CHIMIE'),(10,'FS','SS','SCIENCES DU SOL'),(11,'FS','BC','BIOCHIMIE'),(12,'FS','PC','PHYSIQUE-CHIMIE'),(13,'FS','MA','MATHEMATIQUES'),(14,'FS','PH','PHYSIQUE'),(15,'FS','SN','SCIENCES NATURELLES'),(16,'FS','SE','SCIENCES DE L\'ENVIRONNEMENT'),(17,'FS','CIND','CHIMIE INDUSTRIELLE'),(18,'FALSH','NA','LITTERATURE NEGRO AFRICAINE'),(19,'FALSH','HI','HISTOIRE'),(20,'FALSH','MA','LETTRES MODERNES ANGLAISES (LMA )'),(21,'FALSH','AR','ARCHEOLOGIE'),(22,'FALSH','PS','PSYCHOLOGIE'),(23,'FALSH','LA','LINGUISTIQUE GENERALE APPLIQUEE (LGA)'),(24,'FALSH','MF','LETTRES MODERNES FRANCAISES'),(25,'FALSH','AN','ANTHROPOLOGIE'),(26,'FALSH','ES','ETUDES IBERIQUES, IBERO-AMERICAINES et ITALIENNES'),(27,'FALSH','GE','GEOGRAPHIE'),(28,'FALSH','AL','ETUDES GERMANIQUES'),(29,'FALSH','SO','SOCIOLOGIE'),(30,'FALSH','PH','PHILOSOPHIE'),(31,'FALSH','BI','ETUDES BILINGUES'),(32,'FALSH','AP','ARTS PLASTIQUES ET HISTOIRE DE L\'ART'),(33,'FALSH','AS','ARTS DU SPECTACLE'),(34,'FALSH','LL','LINGUISTIQUE ET LANGUES AFRICAINES (LLA)'),(37,'FALSH','TH','TOURISME ET HOTELLERIE'),(39,'FS','CI','CHIMIE INORGANIQUE');
/*!40000 ALTER TABLE `filiere` ENABLE KEYS */;
UNLOCK TABLES;

--
-- Table structure for table `groupeprivilege`
--

DROP TABLE IF EXISTS `groupeprivilege`;
/*!40101 SET @saved_cs_client     = @@character_set_client */;
/*!40101 SET character_set_client = utf8 */;
CREATE TABLE `groupeprivilege` (
  `ROLE` varchar(50) NOT NULL DEFAULT '',
  `PRIVILEGENOM` varchar(50) NOT NULL DEFAULT '',
  PRIMARY KEY (`ROLE`,`PRIVILEGENOM`),
  KEY `PRIVILEGENOM` (`PRIVILEGENOM`),
  CONSTRAINT `FK_groupeprivilege_1` FOREIGN KEY (`ROLE`) REFERENCES `mgroupe` (`ROLE`) ON DELETE CASCADE ON UPDATE CASCADE
) ENGINE=InnoDB DEFAULT CHARSET=latin1;
/*!40101 SET character_set_client = @saved_cs_client */;

--
-- Dumping data for table `groupeprivilege`
--
-- WHERE:  TRUE limit 100

LOCK TABLES `groupeprivilege` WRITE;
/*!40000 ALTER TABLE `groupeprivilege` DISABLE KEYS */;
INSERT INTO `groupeprivilege` VALUES ('ADMINISTRATEUR','-'),('BAYA','-'),('DONGMO','-'),('FALSH-ADMINISTRATEUR','-'),('FS-ADMINISTRATEUR','-'),('NGADJEU','-'),('OPERATRICE','-'),('ADMINISTRATEUR','A propos'),('BAYA','A propos'),('DONGMO','A propos'),('FALSH-ADMINISTRATEUR','A propos'),('FS-ADMINISTRATEUR','A propos'),('NGADJEU','A propos'),('OPERATRICE','A propos'),('ADMINISTRATEUR','Afficher PV d\'une UV'),('BAYA','Afficher PV d\'une UV'),('DONGMO','Afficher PV d\'une UV'),('FALSH-ADMINISTRATEUR','Afficher PV d\'une UV'),('NGADJEU','Afficher PV d\'une UV'),('ADMINISTRATEUR','Aide'),('BAYA','Aide'),('DONGMO','Aide'),('FALSH-ADMINISTRATEUR','Aide'),('FS-ADMINISTRATEUR','Aide'),('NGADJEU','Aide'),('OPERATRICE','Aide'),('ADMINISTRATEUR','Carte d\'étudiant'),('FALSH-ADMINISTRATEUR','Carte d\'étudiant'),('NGADJEU','Carte d\'étudiant'),('ADMINISTRATEUR','Changer Filière'),('BAYA','Changer Filière'),('FALSH-ADMINISTRATEUR','Changer Filière'),('FS-ADMINISTRATEUR','Changer Filière'),('NGADJEU','Changer Filière'),('ADMINISTRATEUR','Changer Matricule'),('NGADJEU','Changer Matricule'),('ADMINISTRATEUR','Changer Mot de Passe'),('DONGMO','Changer Mot de Passe'),('FALSH-ADMINISTRATEUR','Changer Mot de Passe'),('FS-ADMINISTRATEUR','Changer Mot de Passe'),('NGADJEU','Changer Mot de Passe'),('OPERATRICE','Changer Mot de Passe'),('ADMINISTRATEUR','Classe'),('ADMINISTRATEUR','Créer'),('ADMINISTRATEUR','Cursus Académique'),('BAYA','Cursus Académique'),('FALSH-ADMINISTRATEUR','Cursus Académique'),('NGADJEU','Cursus Académique'),('ADMINISTRATEUR','Délibération'),('BAYA','Délibération'),('DONGMO','Délibération'),('FALSH-ADMINISTRATEUR','Délibération'),('NGADJEU','Délibération'),('ADMINISTRATEUR','Departement'),('ADMINISTRATEUR','Détaillé pour un Niveau'),('FALSH-ADMINISTRATEUR','Détaillé pour un Niveau'),('ADMINISTRATEUR','Effacer le contenu'),('ADMINISTRATEUR','Etablissement'),('ADMINISTRATEUR','Evaluation'),('ADMINISTRATEUR','Examen'),('BAYA','Examen'),('DONGMO','Examen'),('NGADJEU','Examen'),('ADMINISTRATEUR','Fermer session'),('BAYA','Fermer session'),('DONGMO','Fermer session'),('FALSH-ADMINISTRATEUR','Fermer session'),('FS-ADMINISTRATEUR','Fermer session'),('NGADJEU','Fermer session'),('OPERATRICE','Fermer session'),('ADMINISTRATEUR','Fichier'),('BAYA','Fichier'),('DONGMO','Fichier'),('FALSH-ADMINISTRATEUR','Fichier'),('FS-ADMINISTRATEUR','Fichier'),('NGADJEU','Fichier'),('OPERATRICE','Fichier'),('ADMINISTRATEUR','Filière'),('ADMINISTRATEUR','Générer Matricule'),('ADMINISTRATEUR','Gestion des groupes d\'utilisateurs'),('ADMINISTRATEUR','Imprimer'),('BAYA','Imprimer'),('DONGMO','Imprimer'),('FALSH-ADMINISTRATEUR','Imprimer'),('FS-ADMINISTRATEUR','Imprimer'),('NGADJEU','Imprimer'),('OPERATRICE','Imprimer'),('ADMINISTRATEUR','Imprimer un programme'),('FS-ADMINISTRATEUR','Imprimer un programme'),('ADMINISTRATEUR','Index'),('FS-ADMINISTRATEUR','Index'),('OPERATRICE','Index'),('ADMINISTRATEUR','Inscription'),('BAYA','Inscription'),('DONGMO','Inscription'),('FALSH-ADMINISTRATEUR','Inscription'),('FS-ADMINISTRATEUR','Inscription'),('NGADJEU','Inscription'),('OPERATRICE','Inscription'),('ADMINISTRATEUR','Inscription Académique');
/*!40000 ALTER TABLE `groupeprivilege` ENABLE KEYS */;
UNLOCK TABLES;

--
-- Table structure for table `inscrit`
--

DROP TABLE IF EXISTS `inscrit`;
/*!40101 SET @saved_cs_client     = @@character_set_client */;
/*!40101 SET character_set_client = utf8 */;
CREATE TABLE `inscrit` (
  `IDCLASSE` mediumint(8) unsigned NOT NULL DEFAULT '0',
  `MATRICULE` varchar(10) NOT NULL DEFAULT '',
  `ANNEE` year(4) DEFAULT NULL,
  PRIMARY KEY (`IDCLASSE`,`MATRICULE`),
  KEY `FK_inscrit_1` (`MATRICULE`),
  CONSTRAINT `FK_inscrit_1` FOREIGN KEY (`MATRICULE`) REFERENCES `etudiant` (`MATRICULE`) ON UPDATE CASCADE,
  CONSTRAINT `FK_inscrit_2` FOREIGN KEY (`IDCLASSE`) REFERENCES `classe` (`IDCLASSE`) ON UPDATE CASCADE
) ENGINE=InnoDB DEFAULT CHARSET=latin1;
/*!40101 SET character_set_client = @saved_cs_client */;

--
-- Dumping data for table `inscrit`
--
-- WHERE:  TRUE limit 100

LOCK TABLES `inscrit` WRITE;
/*!40000 ALTER TABLE `inscrit` DISABLE KEYS */;
INSERT INTO `inscrit` VALUES (1,'00F215',2007),(1,'00Q002',2001),(1,'00Q014',2001),(1,'00Q016',2001),(1,'00Q017',2001),(1,'00Q022',2001),(1,'00Q023',2001),(1,'00Q026',2001),(1,'00Q027',2001),(1,'00Q028',2001),(1,'00Q032',2001),(1,'00Q033',2001),(1,'00Q040',2001),(1,'00Q043',2001),(1,'00Q045',2001),(1,'00Q052',2001),(1,'00Q064',2001),(1,'00Q071',2001),(1,'00Q072',2001),(1,'00Q086',2001),(1,'00Q087',2002),(1,'00Q088',2001),(1,'00Q092',2001),(1,'00Q132',2001),(1,'00Q136',2001),(1,'00Q137',2001),(1,'00Q138',2001),(1,'00Q142',2001),(1,'00Q147',2001),(1,'00Q148',2001),(1,'00Q149',2001),(1,'00Q150',2001),(1,'00Q151',2001),(1,'00Q152',2001),(1,'00Q154',2001),(1,'00Q155',2001),(1,'00Q159',2001),(1,'00Q165',2001),(1,'00Q167',2001),(1,'00Q168',2001),(1,'00Q169',2001),(1,'00Q192',2001),(1,'00Q194',2002),(1,'00Q195',2001),(1,'00Q204',2001),(1,'00Q205',2001),(1,'00Q210',2001),(1,'00Q266',2001),(1,'00Q273',2001),(1,'00Q285',2002),(1,'00Q288',2001),(1,'00Q290',2001),(1,'00Q314',2001),(1,'00Q320',2001),(1,'00R002',2001),(1,'00R006',2001),(1,'00R011',2001),(1,'00R013',2001),(1,'00R014',2001),(1,'00R016',2001),(1,'00R017',2001),(1,'00R022',2001),(1,'00R023',2001),(1,'00R026',2001),(1,'00R027',2001),(1,'00R028',2001),(1,'00R032',2002),(1,'00R033',2001),(1,'00R040',2001),(1,'00R041',2001),(1,'00R044',2001),(1,'00R052',2001),(1,'00R053',2001),(1,'00R064',2001),(1,'00R070',2001),(1,'00R071',2001),(1,'00R085',2002),(1,'00R086',2001),(1,'00R087',2001),(1,'00R088',2001),(1,'00R092',2001),(1,'00R131',2001),(1,'00R132',2001),(1,'00R137',2001),(1,'00R138',2001),(1,'00R142',2001),(1,'00R147',2001),(1,'00R148',2001),(1,'00R149',2001),(1,'00R150',2001),(1,'00R151',2001),(1,'00R152',2001),(1,'00R154',2001),(1,'00R155',2001),(1,'00R157',2001),(1,'00R158',2001),(1,'00R159',2001),(1,'00R166',2001),(1,'00R167',2001),(1,'00R168',2001);
/*!40000 ALTER TABLE `inscrit` ENABLE KEYS */;
UNLOCK TABLES;

--
-- Table structure for table `journal`
--

DROP TABLE IF EXISTS `journal`;
/*!40101 SET @saved_cs_client     = @@character_set_client */;
/*!40101 SET character_set_client = utf8 */;
CREATE TABLE `journal` (
  `LOGIN` varchar(10) NOT NULL DEFAULT '',
  `OBSERVATION` varchar(255) DEFAULT NULL
) ENGINE=InnoDB DEFAULT CHARSET=latin1;
/*!40101 SET character_set_client = @saved_cs_client */;

--
-- Dumping data for table `journal`
--
-- WHERE:  TRUE limit 100

LOCK TABLES `journal` WRITE;
/*!40000 ALTER TABLE `journal` DISABLE KEYS */;
INSERT INTO `journal` VALUES ('kouamou','05/09/2007 17:43:26: Ouverture de Session'),('kouamou','05/09/2007 17:44:42: Modification du Nombre de Modules par Etudiant'),('kouamou','05/09/2007 17:47:00: Ouverture de Session'),('kouamou','05/09/2007 17:49:28: Ouverture de Session'),('kouamou','06/09/2007 10:57:23: Ouverture de Session'),('kouamou','06/09/2007 11:04:19: Ouverture de Session'),('kouamou','06/09/2007 11:17:01 =>Afficher PV de: AN514  Semestre= 2/2007'),('kouamou','06/09/2007 11:17:09: PV de l\'uv ANTHROPOLOGIE, SCIENCES SOCIALES ET DEVENIR DE L\'AFRIQUE'),('kouamou','06/09/2007 11:18:07 =>Afficher PV de: AN514  Semestre= 2/2007'),('kouamou','06/09/2007 11:18:08: PV de l\'uv ANTHROPOLOGIE, SCIENCES SOCIALES ET DEVENIR DE L\'AFRIQUE'),('kouamou','06/09/2007 11:18:17 =>Afficher PV de: AN514  Semestre= 2/2007'),('kouamou','06/09/2007 11:18:18: PV de l\'uv ANTHROPOLOGIE, SCIENCES SOCIALES ET DEVENIR DE L\'AFRIQUE'),('kouamou','06/09/2007 11:20:15 =>Afficher PV de: AN514  Semestre= 2/2007'),('kouamou','06/09/2007 11:20:17: PV de l\'uv ANTHROPOLOGIE, SCIENCES SOCIALES ET DEVENIR DE L\'AFRIQUE'),('kouamou','06/09/2007 11:20:20 =>Afficher PV de: AN514  Semestre= 1/2007'),('kouamou','06/09/2007 11:20:21: PV de l\'uv ANTHROPOLOGIE, SCIENCES SOCIALES ET DEVENIR DE L\'AFRIQUE'),('kouamou','06/09/2007 11:20:31 =>Afficher PV de: AN514  Semestre= 1/2007'),('kouamou','06/09/2007 11:20:32: PV de l\'uv REDACTION ET SOUTENANCE DE THESE'),('kouamou','06/09/2007 11:20:35 =>Afficher PV de: AN514  Semestre= 2/2007'),('kouamou','06/09/2007 11:20:36: PV de l\'uv REDACTION ET SOUTENANCE DE THESE'),('kouamou','06/09/2007 11:21:20 =>Afficher PV de: AN514  Semestre= 1/2007'),('kouamou','06/09/2007 11:22:52: Ouverture de Session'),('kouamou','06/09/2007 11:28:05: Ouverture de Session'),('kouamou','06/09/2007 11:49:13: Ouverture de Session'),('kouamou','06/09/2007 11:50:02: Ouverture de Session'),('kouamou','06/09/2007 11:54:01: Ouverture de Session'),('kouamou','06/09/2007 12:00:51: Ouverture de Session'),('kouamou','06/09/2007 13:04:48: Ouverture de Session'),('kouamou','06/09/2007 13:08:14 =>Saisie coupon de CH206 - TRAVAUX PRATIQUES DE CHIMIE ORGANIQUE EP Semestre 2'),('kouamou','06/09/2007 13:12:28: Fermeture de Session'),('kouamou','06/09/2007 13:12:36: Ouverture de Session'),('kouamou','06/09/2007 13:14:42: Fermeture de Session'),('kouamou','06/09/2007 13:14:49: Ouverture de Session'),('kouamou','06/09/2007 13:15:06 =>Afficher PV de: CH454  Semestre= 1/2007'),('kouamou','06/09/2007 13:15:08: PV de l\'uv CHIMIE  INDUSTRIELLE'),('kouamou','06/09/2007 13:23:42: Ouverture de Session'),('kouamou','06/09/2007 13:24:02 =>Afficher PV de: CH454  Semestre= 1/2007'),('kouamou','06/09/2007 13:24:06: PV de l\'uv CHIMIE  INDUSTRIELLE'),('kouamou','06/09/2007 13:25:38 =>Afficher PV de: CH454  Semestre= 1/2007'),('kouamou','06/09/2007 13:25:43: PV de l\'uv CHIMIE  INDUSTRIELLE'),('kouamou','06/09/2007 13:29:52: Ouverture de Session'),('kouamou','06/09/2007 13:31:34 =>Afficher PV de: CH454  Semestre= 1/2007'),('kouamou','06/09/2007 13:35:39 =>Afficher PV de: CH454  Semestre= 1/2007'),('kouamou','06/09/2007 13:39:03: PV de l\'uv CHIMIE  INDUSTRIELLE'),('kouamou','06/09/2007 13:39:24 =>Afficher PV de: CH454  Semestre= 1/2007'),('kouamou','06/09/2007 13:47:31: Ouverture de Session'),('kouamou','06/09/2007 14:01:19: Ouverture de Session'),('kouamou','06/09/2007 14:02:55: Ouverture de Session'),('kouamou','06/09/2007 14:09:48: Ouverture de Session'),('kouamou','10/09/2007 17:20:31: Ouverture de Session'),('kouamou','10/09/2007 17:22:09: Changement de matricule 01w079=>06u813'),('baya','11/09/2007 09:21:38: Ouverture de Session'),('secke','11/09/2007 09:21:54: Ouverture de Session'),('secke','11/09/2007 09:22:43: Ouverture de Session'),('secke','11/09/2007 09:24:08 =>Afficher PV de: MA116  Semestre= 2/2007'),('secke','11/09/2007 09:24:45: PV de l\'uv INTRODUCTION TO NOVEL & SHORT STORIES'),('kouamou','11/09/2007 09:26:06: Ouverture de Session'),('secke','11/09/2007 09:26:25 =>Afficher PV de: MA115  Semestre= 2/2007'),('secke','11/09/2007 09:26:56: PV de l\'uv INTRODUCTION TO  POETRY AND DRAMA'),('secke','11/09/2007 09:27:13 Saisie coupon de AS141 - FORMATION BILINGUE/BILINGUAL TRAINING CC'),('secke','11/09/2007 09:28:02 =>Afficher PV de: MA121  Semestre= 2/2007'),('secke','11/09/2007 09:28:25: PV de l\'uv ENGLISH LANGUAGE,LITERATURE AND CIVILISATION'),('secke','11/09/2007 09:29:13: PV Module MMA103 - AMERICAN AND COMMONWEALTH'),('secke','11/09/2007 09:36:31 Saisie coupon de AS141 - FORMATION BILINGUE/BILINGUAL TRAINING CC'),('secke','11/09/2007 09:37:48: PV Module MMA102 - ENGLISH LITERATURE'),('baya','11/09/2007 09:38:56: Ouverture de Session'),('secke','11/09/2007 09:39:21: Ouverture de Session'),('noumsi','11/09/2007 09:39:38: Ouverture de Session'),('secke','11/09/2007 09:39:55: Ouverture de Session'),('baya','11/09/2007 09:40:04: Ouverture de Session'),('secke','11/09/2007 09:41:27 =>Afficher PV de: MF218  Semestre= 2/2007'),('secke','11/09/2007 09:42:06: Saisie Notes AS141 - FORMATION BILINGUE/BILINGUAL TRAINING-EE-Semestre 2 -Annee 2007'),('secke','11/09/2007 09:42:17: PV de l\'uv DYNAMIQUE DU FRANCAIS'),('noumsi','11/09/2007 09:42:19 =>Saisie coupon de BA101 - ORGANISATION MOLECULAIRE DE LA CELLULE EE Semestre 3'),('baya','11/09/2007 09:43:42: PV Module MCH101 - CHIMIE GENERALE'),('baya','11/09/2007 09:44:36: Ouverture de Session'),('baya','11/09/2007 09:45:03: Saisie Notes PH102 - ELECTROCINETIQUE ET MAGNETOSTATIQUE-EE-Semestre 2 -Annee 2007'),('secke','11/09/2007 09:45:36 =>Afficher PV de: AS141  Semestre= 2/2007'),('secke','11/09/2007 09:45:44: PV de l\'uv FORMATION BILINGUE/BILINGUAL TRAINING'),('secke','11/09/2007 09:46:22 =>Afficher PV de: MF218  Semestre= 2/2007'),('baya','11/09/2007 09:46:25: PV Module MCH103 - TRAVAUX PRATIQUES ET LANGUES'),('baya','11/09/2007 09:47:31 =>Saisie coupon de PH102 - ELECTROCINETIQUE ET MAGNETOSTATIQUE EE Semestre 2'),('secke','11/09/2007 09:48:33: PV de l\'uv DYNAMIQUE DU FRANCAIS'),('secke','11/09/2007 09:49:49 =>Afficher PV de: MF212  Semestre= 2/2007'),('baya','11/09/2007 09:50:17: PV Module MCH105 - MATHEMATIQUES'),('secke','11/09/2007 09:50:50: PV de l\'uv AUTRES LITTERATURES'),('secke','11/09/2007 09:51:28 =>Afficher PV de: MF220  Semestre= 2/2007'),('secke','11/09/2007 09:51:44: PV de l\'uv PRATIQUE DE LA LANGUE'),('secke','11/09/2007 09:52:45: PV Module MMF203 - ORIENTATION'),('secke','11/09/2007 09:53:06 =>Saisie coupon de AN241 - FORMATION BILINGUE CC Semestre 2'),('baya','11/09/2007 09:53:27: Saisie Notes PH102 - ELECTROCINETIQUE ET MAGNETOSTATIQUE-EE-Semestre 2 -Annee 2007'),('secke','11/09/2007 09:53:43 Saisie coupon de AN241 - FORMATION BILINGUE CC'),('Alice','11/09/2007 09:54:35: Ouverture de Session'),('baya','11/09/2007 09:54:39: PV Module MPH101 - ELECTRICITE'),('Alice','11/09/2007 09:54:52 =>Saisie coupon de IN401 - SYSTEME D\'EXPLOITATION II EE Semestre 3'),('baya','11/09/2007 09:56:10: PV Module MPH102 - MECANIQUE ET OPTIQUE'),('baya','11/09/2007 09:56:57: Ouverture de Session'),('baya','11/09/2007 09:57:41 =>Saisie coupon de BV201 - INTRODUCTION A LA BOTANIQUE EE Semestre 3'),('secke','11/09/2007 09:58:05 =>Afficher PV de: MF220  Semestre= 2/2007'),('secke','11/09/2007 09:58:15: PV de l\'uv PRATIQUE DE LA LANGUE');
/*!40000 ALTER TABLE `journal` ENABLE KEYS */;
UNLOCK TABLES;

--
-- Table structure for table `mgroupe`
--

DROP TABLE IF EXISTS `mgroupe`;
/*!40101 SET @saved_cs_client     = @@character_set_client */;
/*!40101 SET character_set_client = utf8 */;
CREATE TABLE `mgroupe` (
  `ROLE` varchar(50) NOT NULL DEFAULT '',
  `DESCRIPTION` varchar(255) DEFAULT NULL,
  PRIMARY KEY (`ROLE`)
) ENGINE=InnoDB DEFAULT CHARSET=latin1;
/*!40101 SET character_set_client = @saved_cs_client */;

--
-- Dumping data for table `mgroupe`
--
-- WHERE:  TRUE limit 100

LOCK TABLES `mgroupe` WRITE;
/*!40000 ALTER TABLE `mgroupe` DISABLE KEYS */;
INSERT INTO `mgroupe` VALUES ('ADMINISTRATEUR','Utilisateurs ayant tous les pouvoirs'),('BAYA','Responsable des PV avancés de FS'),('CENSURE','Liste Noire'),('DONGMO','Groupe personnel de Mme Dongmo'),('FALSH-ADMINISTRATEUR','Pour gérer les coincidences'),('FS-ADMINISTRATEUR','Administrateur FS'),('NGADJEU','Responsable des relévés de notes'),('OPERATRICE','Utilisateur de saisie');
/*!40000 ALTER TABLE `mgroupe` ENABLE KEYS */;
UNLOCK TABLES;

--
-- Table structure for table `module`
--

DROP TABLE IF EXISTS `module`;
/*!40101 SET @saved_cs_client     = @@character_set_client */;
/*!40101 SET character_set_client = utf8 */;
CREATE TABLE `module` (
  `IDMODULE` mediumint(8) unsigned NOT NULL AUTO_INCREMENT,
  `CODETAB` varchar(6) NOT NULL DEFAULT '',
  `CODMODULE` varchar(10) DEFAULT NULL,
  `NOM` varchar(100) DEFAULT NULL,
  `NBREUV` tinyint(4) NOT NULL DEFAULT '0',
  `ANNEE` year(4) DEFAULT NULL,
  PRIMARY KEY (`IDMODULE`),
  UNIQUE KEY `CODMODULE` (`CODMODULE`,`CODETAB`,`ANNEE`),
  KEY `FK_module_1` (`CODETAB`),
  CONSTRAINT `FK_module_1` FOREIGN KEY (`CODETAB`) REFERENCES `etablissement` (`CODETAB`) ON UPDATE CASCADE
) ENGINE=InnoDB AUTO_INCREMENT=1030 DEFAULT CHARSET=latin1;
/*!40101 SET character_set_client = @saved_cs_client */;

--
-- Dumping data for table `module`
--
-- WHERE:  TRUE limit 100

LOCK TABLES `module` WRITE;
/*!40000 ALTER TABLE `module` DISABLE KEYS */;
INSERT INTO `module` VALUES (1,'FS','MSN101','BIOLOGIE CELLULAIRE',3,2005),(2,'FS','MSN102','MATHEMATIQUES ET LANGUES',3,2005),(3,'FS','MSN103','CHIMIE',2,2005),(4,'FS','MSN104','PHYSIQUE',2,2005),(5,'FS','MSN105','GEOLOGIE GENERALE',2,2005),(6,'FS','MBA202','PHYSIOLOGIE CELLULAIRE',2,2005),(7,'FS','MBV201','BOTANIQUE I',2,2005),(8,'FS','MBA203','CHIMIE ORGANIQUE ET LANGUES',3,2005),(9,'FS','MBA204','BIOCHIMIE STRUCTURALE',3,2005),(10,'FS','MBA205','BIOLOGIE DES THALLOPHYTES ET BIOCHIMIE  STRUCTURAL',3,2005),(11,'FS','MBA301','FONCTION DE  RELATION ET LANGUES',3,2005),(12,'FS','MBA302','FONCTION DE  NUTRITION',3,2005),(13,'FS','MBA303','ZOOLOGIE ET BIOLOGIE ANIMALE A',2,2005),(14,'FS','MBA304','ZOOLOGIE ET BIOLOGIE ANIMALE B',2,2005),(15,'FS','MBA305','MICROBIOLOGIE ET GENETIQUE',2,2005),(16,'FS','MBA306','ECOLOGIE ET GENETIQUE',2,2005),(17,'FS','MBA307','ECOLOGIE ET MICROBIOLOGIE',2,2005),(18,'FS','MBA409','PHARMACOLOGIE I',2,2005),(19,'FS','MBA410','ENDOCRINOLOGIE',2,2005),(20,'FS','MBA411','STRUCTURE GENERALE ET FONCTIONNELLE',2,2005),(21,'FS','MBA412','TOXICOLOGIE ET APPROCHES METHODOLOGIQUES',3,2005),(22,'FS','MBA413','TECHNIQUES PHYSIOLOGIQUES',3,2005),(23,'FS','MBA414','BIOLOGIE I',3,2005),(24,'FS','MBA415','BIOLOGIE II',2,2005),(25,'FS','MBA416','ENTOMOLOGIE I',2,2005),(26,'FS','MBA407','GENETIQUE ET ECOLOGIE',2,2005),(27,'FS','MBA402','CONNAISSANCE DES ORGANISMES',2,2005),(28,'FS','MBA401','HYDROLOGIE GENERALE  ET MICROBIOLOGIE',2,2005),(29,'FS','MBA403','ECOLOGIE ET ENVIRONNEMENT',2,2005),(30,'FS','MBA404','PARAMETRISATION ET MODELISATION',2,2005),(31,'FS','MBA405','ETUDE SYSTEMATIQUE ET BIOLOGIQUE DES PARASITES',3,2005),(32,'FS','MBA406','ETUDE SYSTEMATIQUE DES HOTES',2,2005),(33,'FS','MBA408','PARASITOLOGIE GENERALE',2,2005),(34,'FS','MBC201','BIOCHIMIE STRUCTURALE',2,2005),(35,'FS','MBC202','MICROBIOLOGIE ET GENETIQUE',2,2005),(36,'FS','MBC203','BIOCHIMIE PRATIQUE ET LANGUES',3,2005),(37,'FS','MBC204','CHIMIE',3,2005),(38,'FS','MBC205','BIOLOGIE VEGETALE',2,2005),(39,'FS','MBC206','BIOLOGIE ANIMALE I',2,2005),(40,'FS','MBC207','BIOLOGIE ANIMALE II',2,2005),(41,'FS','MBC301','ENZYMOLOGIE',2,2005),(42,'FS','MBC302','METABOLISME',2,2005),(43,'FS','MBC303','BIOCHIMIE, ENZYMOLOGIE PRATIQUE ET LANGUES',3,2005),(44,'FS','MBC304','BIOCHIMIE ET METABOLISME PRATIQUE',2,2005),(45,'FS','MBC305','BIOCHIMIE ET TECHNOLOGIE ALIMENTAIRE',3,2005),(46,'FS','MBC306','BIOLOGIE ANIMALE',3,2005),(47,'FS','MBC307','CHIMIE BIOLOGIE I',3,2005),(48,'FS','MBC308','CHIMIE BIOLOGIE II',3,2005),(49,'FS','MBC309','MICROBIOLOGIE - GENETIQUE MOLECULAIRE',3,2005),(50,'FS','MBC401','BIOLOGIE MOLECULAIRE',2,2005),(51,'FS','MBC402','ENZYMOLOGIE APPROFONDIE',2,2005),(52,'FS','MBC403','NUTRITION, PHARMACOLOGIE, TOXICOLOGIE',3,2005),(53,'FS','MBC404','BIOCHIMIE ET TECHNOLOGIE',2,2005),(54,'FS','MBC405','GENIE -GENETIQUE MICROBIOLOGIE',3,2005),(55,'FS','MBC406','PHYTOBIOCHIMIE ET PHYTOPATHOLOGIE',2,2005),(56,'FS','MBV202','BOTANIQUE II',2,2005),(57,'FS','MBV301','BOTANIQUE III',3,2005),(58,'FS','MBV302','PHYSIOLOGIE VEGETALE',2,2005),(59,'FS','MBV303','GENETIQUE',2,2005),(60,'FS','MBV304','ECOLOGIE ET LANGUES',3,2005),(61,'FS','MBV305','MICROBIOLOGIE ET TECHNIQUES D\'ANALYSES',2,2005),(62,'FS','MBV306','ECOLOGIE APPLIQUEE ET MICROBIOLOGIE',2,2005),(63,'FS','MBV401','PHYTOGEOGRAPHIE ET FORETS',2,2005),(64,'FS','MBV402','ECOLOGIE ET ARCHITECTURE VEGETALE',2,2005),(65,'FS','MBV403','ECOSYSTEMES ET MYCOLOGIE',2,2005),(66,'FS','MBV406','ARBRES ET TELEDETECTION',2,2005),(67,'FS','MBV422','SYSTEMATIQUE EXPERIMENTATION',4,2005),(68,'FS','MBV423','ECOLOGIE ET METHODOLOGIE',4,2005),(69,'FS','MBV411','BASES DE LA CULTURE IN VITRO',2,2005),(70,'FS','MBV412','FLORAISON ET ECOLOGIE',2,2005),(71,'FS','MBV413','BIOLOGIE MOLECULAIRE ET SYSTEMATIQUE',2,2005),(72,'FS','MBV419','PATHOLOGIE ET EXPERIMENTATION',3,2005),(73,'FS','MBV420','GENETIQUE ET FERMENTATIONS',3,2005),(74,'FS','MBV421','RESERVES ET METABOLITES SECONDAIRES',3,2005),(75,'FS','MCH101','CHIMIE GENERALE',3,2005),(76,'FS','MCH103','TRAVAUX PRATIQUES ET LANGUES',3,2005),(77,'FS','MPH101','ELECTRICITE',2,2005),(78,'FS','MPH102','MECANIQUE ET OPTIQUE',2,2005),(79,'FS','MCH105','MATHEMATIQUES',2,2005),(80,'FS','MCH201','CHIMIE INORGANIQUE',2,2005),(81,'FS','MCH202','CHIMIE ORGANIQUE',3,2005),(82,'FS','MCH203','TRAVAUX PRATIQUES DE CHIMIE',2,2005),(83,'FS','MCH204','TP PHYSIQUE, INFORMATIQUE ET LANGUES',3,2005),(84,'FS','MCH205','MATHEMATIQUES ET PHYSIQUE',2,2005),(85,'FS','MCH301','CHIMIE PHYSIQUE',3,2005),(86,'FS','MCH302','CHIMIE ORGANIQUE',3,2005),(87,'FS','MCH303','CHIMIE INORGANIQUE',2,2005),(88,'FS','MCH304','TRAVAUX PRATIQUES DE CHIMIE',2,2005),(89,'FS','MCH305','FORMATION POUR TOUS',2,2005),(90,'FS','MCH401','CHIMIE  PHYSIQUE',2,2005),(91,'FS','MCH402','CHIMIE ORGANIQUE',2,2005),(92,'FS','MCH403','CHIMIE ANALYTIQUE',3,2005),(93,'FS','MCH404','CHIMIE PRATIQUE ET PHOTOCHIMIE',3,2005),(94,'FS','MCH405','CHIMIE STRUCTURALE',2,2005),(95,'FS','MCH406','CHIMIE DE COORDINATION ET MACROMOLECULES',2,2005),(96,'FS','MCH407','CHIMIE DE COORDINATION ET ORGANOMETALLIQUES',2,2005),(97,'FS','MCH408','ANALYSES THERMIQUES ET CRISTALLOCHIMIE',2,2005),(98,'FS','MCH409','ANALYSES THERMIQUES ET  CHIMIE DE COORDINATION',2,2005),(99,'FS','MCH410','ANALYSES THERMIQUES ET METALLURGIE',0,2005),(100,'FS','MCH411','CHIMIE INDUSTRIELLE  ET  ENVIRONNEMENT',2,2005);
/*!40000 ALTER TABLE `module` ENABLE KEYS */;
UNLOCK TABLES;

--
-- Table structure for table `moyennes`
--

DROP TABLE IF EXISTS `moyennes`;
/*!40101 SET @saved_cs_client     = @@character_set_client */;
/*!40101 SET character_set_client = utf8 */;
CREATE TABLE `moyennes` (
  `MATRICULE` varchar(10) NOT NULL DEFAULT '',
  `IDUV` mediumint(8) unsigned NOT NULL DEFAULT '0',
  `IDSEMESTRE` tinyint(3) unsigned NOT NULL DEFAULT '0',
  `ANNEE` year(4) NOT NULL DEFAULT '0000',
  `MOYENNE` decimal(6,2) DEFAULT NULL,
  UNIQUE KEY `moyennes_index1433` (`MATRICULE`,`IDUV`,`IDSEMESTRE`,`ANNEE`),
  KEY `FK_moyennes_2` (`IDUV`),
  KEY `FK_moyennes_3` (`IDSEMESTRE`),
  CONSTRAINT `FK_moyennes_1` FOREIGN KEY (`MATRICULE`) REFERENCES `etudiant` (`MATRICULE`) ON DELETE CASCADE ON UPDATE CASCADE,
  CONSTRAINT `FK_moyennes_2` FOREIGN KEY (`IDUV`) REFERENCES `uv` (`IDUV`) ON DELETE CASCADE ON UPDATE CASCADE,
  CONSTRAINT `FK_moyennes_3` FOREIGN KEY (`IDSEMESTRE`) REFERENCES `semestre` (`IDSEMESTRE`) ON UPDATE CASCADE
) ENGINE=InnoDB DEFAULT CHARSET=latin1;
/*!40101 SET character_set_client = @saved_cs_client */;

--
-- Dumping data for table `moyennes`
--
-- WHERE:  TRUE limit 100

LOCK TABLES `moyennes` WRITE;
/*!40000 ALTER TABLE `moyennes` DISABLE KEYS */;
INSERT INTO `moyennes` VALUES ('00F215',2358,1,2007,NULL),('00K010',107,1,2001,4.90),('00K010',108,1,2001,3.71),('00K010',109,2,2001,11.10),('00K010',113,2,2001,7.00),('00K010',115,2,2001,11.40),('00K010',116,3,2001,3.00),('00K010',118,1,2001,0.00),('00K010',119,2,2001,0.00),('00Q001',1,1,2001,7.20),('00Q001',2,2,2001,11.60),('00Q001',5,2,2001,7.20),('00Q001',9,1,2001,4.70),('00Q001',11,1,2001,8.00),('00Q001',12,2,2001,8.40),('00Q001',462,1,2001,11.20),('00Q001',2346,2,2001,4.70),('00Q001',2347,1,2001,6.40),('00Q001',2358,1,2001,4.20),('00Q002',1,1,2001,5.80),('00Q002',2,2,2001,0.00),('00Q002',5,2,2001,0.00),('00Q002',9,1,2001,8.00),('00Q002',10,2,2001,0.00),('00Q002',11,1,2001,4.55),('00Q002',12,2,2001,0.00),('00Q002',462,1,2001,4.70),('00Q002',2346,2,2001,0.00),('00Q002',2347,1,2001,6.00),('00Q002',2358,1,2001,0.00),('00Q002',2359,1,2001,0.00),('00Q003',114,1,2001,0.00),('00Q003',115,2,2001,0.00),('00Q003',116,1,2001,0.00),('00Q003',117,2,2001,0.00),('00Q003',118,1,2001,0.00),('00Q003',119,2,2001,0.00),('00Q003',314,1,2001,0.00),('00Q005',19,2,2002,0.00),('00Q005',72,1,2002,0.00),('00Q005',107,1,2002,7.86),('00Q005',108,1,2002,5.40),('00Q005',109,2,2002,11.20),('00Q005',110,2,2001,0.00),('00Q005',111,2,2001,0.00),('00Q005',113,2,2002,11.50),('00Q005',114,1,2002,0.00),('00Q005',115,2,2002,4.30),('00Q005',116,1,2002,5.40),('00Q005',117,2,2002,9.00),('00Q005',118,1,2002,4.80),('00Q005',119,2,2002,5.30),('00Q005',120,1,2002,0.00),('00Q005',121,2,2002,0.00),('00Q005',122,1,2002,0.00),('00Q005',123,2,2002,0.00),('00Q005',124,2,2002,0.00),('00Q005',125,2,2002,0.00),('00Q005',126,2,2002,0.00),('00Q005',128,1,2002,0.00),('00Q006',26,1,2004,10.00),('00Q006',28,2,2004,7.00),('00Q006',28,3,2004,8.94),('00Q006',80,1,2004,0.00),('00Q006',80,1,2005,8.10),('00Q006',80,1,2006,10.65),('00Q006',80,3,2004,5.90),('00Q006',80,3,2005,8.30),('00Q006',81,1,2004,7.00),('00Q006',81,1,2005,11.00),('00Q006',81,3,2004,6.20),('00Q006',82,2,2004,7.00),('00Q006',82,3,2004,12.30),('00Q006',83,1,2004,2.40),('00Q006',83,1,2005,8.20),('00Q006',83,1,2006,10.01),('00Q006',83,3,2004,3.80),('00Q006',83,3,2005,6.80),('00Q006',84,2,2004,7.00),('00Q006',84,2,2005,9.43),('00Q006',84,3,2004,9.05),('00Q006',84,3,2005,10.00),('00Q006',85,1,2004,0.00),('00Q006',85,1,2005,10.50),('00Q006',85,3,2004,8.80),('00Q006',86,2,2004,0.00),('00Q006',86,2,2005,13.97),('00Q006',86,3,2004,9.20),('00Q006',87,1,2004,6.45),('00Q006',87,1,2005,10.70),('00Q006',87,3,2004,6.45),('00Q006',88,1,2004,0.00),('00Q006',88,3,2004,10.62),('00Q006',89,2,2004,10.80),('00Q006',89,2,2005,11.20),('00Q006',89,3,2004,5.17),('00Q007',1,1,2001,3.40),('00Q007',2,2,2001,0.00),('00Q007',5,2,2001,10.64),('00Q007',9,1,2001,5.70);
/*!40000 ALTER TABLE `moyennes` ENABLE KEYS */;
UNLOCK TABLES;

--
-- Table structure for table `mprivilege`
--

DROP TABLE IF EXISTS `mprivilege`;
/*!40101 SET @saved_cs_client     = @@character_set_client */;
/*!40101 SET character_set_client = utf8 */;
CREATE TABLE `mprivilege` (
  `PRIVILEGECODE` varchar(50) NOT NULL DEFAULT '',
  `PRIVILEGENOM` varchar(50) NOT NULL DEFAULT '',
  PRIMARY KEY (`PRIVILEGENOM`)
) ENGINE=InnoDB DEFAULT CHARSET=latin1;
/*!40101 SET character_set_client = @saved_cs_client */;

--
-- Dumping data for table `mprivilege`
--
-- WHERE:  TRUE limit 100

LOCK TABLES `mprivilege` WRITE;
/*!40000 ALTER TABLE `mprivilege` DISABLE KEYS */;
INSERT INTO `mprivilege` VALUES ('mnuSeparator','-'),('mnuPurpose','A propos'),('mnuUVListing','Afficher PV d\'une UV'),('mnuHelp','Aide'),('mnuPrintStudentCard','Carte d\'étudiant'),('mnuProfil','Changer Filière'),('mnuChangeMatricule','Changer Matricule'),('mnuChangePasswd','Changer Mot de Passe'),('mnuClasse','Classe'),('mnuCreateUser','Créer'),('mnuCursus','Cursus Académique'),('mnuDeliberation','Délibération'),('mnuDepartement','Departement'),('mnuRecapD','Détaillé pour un Niveau'),('mnuClearJournal','Effacer le contenu'),('mnuStatEtudiant','Effectifs des étudiants'),('mnuEtablissement','Etablissement'),('mnuEvaluation','Evaluation'),('mnuExam','Examen'),('mnuLogout','Fermer session'),('mnuFile','Fichier'),('mnuFiliere','Filière'),('mnuGenerateMatricule','Générer Matricule'),('mnuGroup','Gestion des groupes d\'utilisateurs'),('mnuPrint','Imprimer'),('mnuPrintProgram','Imprimer un programme'),('mnuHelpIndex','Index'),('mnuRegistration','Inscription'),('mnuAcaRegister','Inscription Académique'),('mnuFinanceRegister','Inscription Financière'),('mnuJournal','Journal du système'),('mnuReadJournal','Lire le Journal'),('mnuPrintEdut','Liste des Etudiants par classe'),('mnuPrintEdut','Liste des Etudiants par Niveau'),('mnuPrintList','Liste des Etudiants pour une U.V'),('mnuImpayes','Liste des impayés'),('mnuDeleteUser','Modifier/Supprimer'),('mnuModule','Module'),('mnuNiveau','Niveau'),('mnuNbreModule','Nombre de Modules par niveau'),('mnuNationalite','Nouvelle Nationalité'),('mnuOptions','Options'),('mnuOpen','Ouvrir Dossier'),('mnuParametres','Paramètres'),('mnuRecapG','Pour un cycle (Licence)'),('mnuRecapI','Pour un niveau'),('mnuRecapI','Pour une classe'),('mnuRecapI','Pour une niveau'),('mnuValidation','Pourcentage de validation des UV'),('mnuNewStudent','Préinscription'),('mnuPrintProfile','Profil Académique'),('mnuProgramme','Programme'),('mnuProgrammes','Programmes'),('mnuPVModule','PV d\'un module'),('mnuPvRecapitulatif','PV Recapitulatif'),('mnuPyramides','Pyramide des âges'),('mnuExit','Quitter'),('mnurecherche','Rechercher étudiant...'),('mnuHelpSearch','Rechercher...'),('mnuTranscriptA4','Relevé de notes (A4)'),('mnuPrintTranscript','Relevé de Notes(Listing)'),('mnuRepartition','Repartion des étudiants par province'),('mnuTypeCoupon','Saisie des Coupons'),('mnuTypeCC','Saisie des notes Sans anonymat'),('mnuTypeExam','Saisie notes avec Anonymat'),('mnuTypeSoutenance','Saisie notes de soutenance'),('mnufinance','Situation financière'),('mnuHelpSommaire','Sommaire'),('mnuStatistics','Statistiques'),('mnuStatEtudiant','Statistiques des etudiants inscrit'),('mnuUser','Utilisateurs'),('mnuUV','UV'),('mnuValidationModule','Validation des modules/niveau');
/*!40000 ALTER TABLE `mprivilege` ENABLE KEYS */;
UNLOCK TABLES;

--
-- Table structure for table `nationalite`
--

DROP TABLE IF EXISTS `nationalite`;
/*!40101 SET @saved_cs_client     = @@character_set_client */;
/*!40101 SET character_set_client = utf8 */;
CREATE TABLE `nationalite` (
  `CODNAT` char(3) NOT NULL DEFAULT '',
  `PAYS` varchar(100) NOT NULL DEFAULT '',
  PRIMARY KEY (`CODNAT`)
) ENGINE=InnoDB DEFAULT CHARSET=latin1;
/*!40101 SET character_set_client = @saved_cs_client */;

--
-- Dumping data for table `nationalite`
--
-- WHERE:  TRUE limit 100

LOCK TABLES `nationalite` WRITE;
/*!40000 ALTER TABLE `nationalite` DISABLE KEYS */;
INSERT INTO `nationalite` VALUES ('AL','ALLEMAGNE'),('BE','BENIN'),('BK','BURKINA FASO'),('BR','BRESIL'),('BU','BURUNDI'),('CG','CONGO'),('CI','COTE D\'IVOIRE'),('CM','CAMEROUN'),('GB','GABON'),('ML','MALI'),('NIG','NIGERIA'),('RCA','REP CENTRAFRIQUE'),('RDC','REP. DEM. CONGO'),('RM','RESTE DU MONDE'),('RW','RWANDA'),('TC','TCHAD'),('TG','TOGO'),('TQ','TURQUIE');
/*!40000 ALTER TABLE `nationalite` ENABLE KEYS */;
UNLOCK TABLES;

--
-- Table structure for table `niveau`
--

DROP TABLE IF EXISTS `niveau`;
/*!40101 SET @saved_cs_client     = @@character_set_client */;
/*!40101 SET character_set_client = utf8 */;
CREATE TABLE `niveau` (
  `NIVEAU` varchar(10) NOT NULL DEFAULT '',
  `DESCRIPTION` varchar(50) DEFAULT NULL,
  PRIMARY KEY (`NIVEAU`)
) ENGINE=InnoDB DEFAULT CHARSET=latin1;
/*!40101 SET character_set_client = @saved_cs_client */;

--
-- Dumping data for table `niveau`
--
-- WHERE:  TRUE limit 100

LOCK TABLES `niveau` WRITE;
/*!40000 ALTER TABLE `niveau` DISABLE KEYS */;
INSERT INTO `niveau` VALUES ('1','Niveau 1'),('2','Niveau 2'),('3','Niveau 3'),('4','Niveau 4'),('5','Niveau 5'),('6','1ère Année de Doctorat'),('7','2ème Année de Doctorat'),('8','3ème Année de Doctorat'),('9','DOCTORAT D\'ETAT');
/*!40000 ALTER TABLE `niveau` ENABLE KEYS */;
UNLOCK TABLES;

--
-- Table structure for table `notes`
--

DROP TABLE IF EXISTS `notes`;
/*!40101 SET @saved_cs_client     = @@character_set_client */;
/*!40101 SET character_set_client = utf8 */;
CREATE TABLE `notes` (
  `IDUV` mediumint(8) unsigned NOT NULL DEFAULT '0',
  `IDSEMESTRE` tinyint(3) unsigned NOT NULL DEFAULT '0',
  `MATRICULE` varchar(10) NOT NULL DEFAULT '',
  `CODEEVAL` varchar(5) NOT NULL DEFAULT '',
  `ANNEE` year(4) NOT NULL DEFAULT '0000',
  `ANONYMAT` varchar(10) DEFAULT NULL,
  `NOTE` decimal(6,2) DEFAULT NULL,
  PRIMARY KEY (`IDUV`,`IDSEMESTRE`,`MATRICULE`,`CODEEVAL`,`ANNEE`),
  KEY `FK_notes_2` (`MATRICULE`),
  KEY `FK_notes_3` (`CODEEVAL`),
  CONSTRAINT `FK_notes_1` FOREIGN KEY (`IDUV`) REFERENCES `uv` (`IDUV`) ON DELETE CASCADE ON UPDATE CASCADE,
  CONSTRAINT `FK_notes_2` FOREIGN KEY (`MATRICULE`) REFERENCES `etudiant` (`MATRICULE`) ON DELETE CASCADE ON UPDATE CASCADE,
  CONSTRAINT `FK_notes_3` FOREIGN KEY (`CODEEVAL`) REFERENCES `evaltype` (`CODEEVAL`) ON UPDATE CASCADE
) ENGINE=InnoDB DEFAULT CHARSET=latin1;
/*!40101 SET character_set_client = @saved_cs_client */;

--
-- Dumping data for table `notes`
--
-- WHERE:  TRUE limit 100

LOCK TABLES `notes` WRITE;
/*!40000 ALTER TABLE `notes` DISABLE KEYS */;
INSERT INTO `notes` VALUES (1,1,'00S210','CC',2006,NULL,6.00),(1,1,'00S210','EE',2005,'0153',3.00),(1,1,'00S210','EE',2006,'00736',5.00),(1,1,'00T013','CC',2007,NULL,8.00),(1,1,'00T013','EE',2007,'00312',10.50),(1,1,'00T032','CC',2005,NULL,5.50),(1,1,'00T032','CC',2007,NULL,14.00),(1,1,'00T032','EE',2005,'0151',11.00),(1,1,'00T032','EE',2007,'01067',7.00),(1,1,'00T204','CC',2005,NULL,10.00),(1,1,'00T204','EE',2005,'0003',10.00),(1,1,'00U007','CC',2005,NULL,10.50),(1,1,'00U007','EE',2005,'0094',10.50),(1,1,'00U132','CC',2005,NULL,2.00),(1,1,'00U132','EE',2005,'0630',7.50),(1,1,'00X015','CC',2005,NULL,5.00),(1,1,'00X015','EE',2005,'0099',12.50),(1,1,'00Y085','CC',2005,NULL,8.50),(1,1,'00Y085','CC',2006,NULL,6.50),(1,1,'00Y085','EE',2005,'0229',3.50),(1,1,'00Y085','EE',2006,'00339',3.50),(1,1,'00Y323','CC',2005,NULL,10.00),(1,1,'00Y323','EE',2005,'0808',10.00),(1,1,'00Z091','CC',2005,NULL,12.00),(1,1,'00Z091','EE',2005,'0553',7.00),(1,1,'00Z206','CC',2005,NULL,10.00),(1,1,'00Z206','EE',2005,'0713',7.00),(1,1,'01F114','CC',2005,NULL,3.00),(1,1,'01F114','EE',2005,'0093',4.50),(1,1,'01Q176','CC',2005,NULL,8.50),(1,1,'01Q176','EE',2005,'0215',6.50),(1,1,'01Q205','CC',2005,NULL,10.00),(1,1,'01Q205','EE',2005,'00158',10.50),(1,1,'01Q301','CC',2007,NULL,10.50),(1,1,'01Q301','EE',2007,'00065',10.50),(1,1,'01Q346','CC',2005,NULL,9.50),(1,1,'01Q346','CC',2006,NULL,9.50),(1,1,'01Q346','EE',2005,'00217',3.00),(1,1,'01Q346','EE',2006,'00059',11.00),(1,1,'01R045','CC',2005,NULL,10.50),(1,1,'01R045','EE',2005,'0084',11.00),(1,1,'01R095','CC',2007,NULL,13.00),(1,1,'01R095','EE',2007,'00099',10.50),(1,1,'01R103','CC',2005,NULL,9.00),(1,1,'01R103','EE',2005,'00262',10.00),(1,1,'01R410','CC',2005,NULL,10.00),(1,1,'01R410','EE',2005,'00223',10.00),(1,1,'01S082','CC',2005,NULL,8.00),(1,1,'01S082','EE',2005,'0690',8.00),(1,1,'01S098','EE',2005,'0180',6.50),(1,1,'01S132','CC',2005,NULL,8.00),(1,1,'01S132','EE',2005,'00250',8.00),(1,1,'01S227','CC',2005,NULL,8.00),(1,1,'01S227','EE',2005,'0793',2.50),(1,1,'01S366','CC',2005,NULL,2.00),(1,1,'01S366','EE',2005,'00144',2.50),(1,1,'01S420','CC',2005,NULL,11.50),(1,1,'01S420','EE',2005,'0093',12.00),(1,1,'01T090','CC',2006,NULL,4.50),(1,1,'01T090','EE',2006,'00306',8.50),(1,1,'01T093','CC',2007,NULL,13.00),(1,1,'01T093','EE',2007,'00789',9.50),(1,1,'01T114','CC',2005,NULL,2.00),(1,1,'01T114','EE',2005,'00305',12.00),(1,1,'01T118','CC',2006,NULL,10.00),(1,1,'01T118','EE',2006,'00999',6.00),(1,1,'01T121','CC',2005,NULL,6.50),(1,1,'01T121','CC',2006,NULL,9.00),(1,1,'01T121','EE',2005,'0796',7.50),(1,1,'01T121','EE',2006,'00216',6.00),(1,1,'01T124','CC',2006,NULL,7.00),(1,1,'01T124','EE',2006,'00206',6.50),(1,1,'01T148','CC',2005,NULL,4.00),(1,1,'01T148','EE',2005,'0030',7.00),(1,1,'01T195','CC',2005,NULL,12.00),(1,1,'01T195','EE',2005,'0024',14.00),(1,1,'01T208','CC',2005,NULL,1.00),(1,1,'01T208','EE',2005,'0504',7.50),(1,1,'01T219','CC',2005,NULL,11.50),(1,1,'01T219','EE',2005,'0372',6.50),(1,1,'01U061','CC',2005,NULL,4.50),(1,1,'01U061','EE',2005,'0156',8.00),(1,1,'01U190','CC',2005,NULL,6.00),(1,1,'01U190','CC',2007,NULL,2.00),(1,1,'01U190','EE',2005,'0537',5.50),(1,1,'01U190','EE',2007,'00911',13.00),(1,1,'01U210','CC',2006,NULL,4.00),(1,1,'01U210','EE',2006,'00281',12.00),(1,1,'01U287','CC',2007,NULL,8.00),(1,1,'01U287','EE',2007,'00141',3.50),(1,1,'01U365','CC',2005,NULL,6.00),(1,1,'01U365','EE',2005,'0068',10.00),(1,1,'01U457','CC',2005,NULL,8.00),(1,1,'01U457','EE',2005,'0158',7.00),(1,1,'01V055','CC',2005,NULL,2.00),(1,1,'01V055','EE',2005,'00132',5.00),(1,1,'01V113','CC',2005,NULL,8.00),(1,1,'01V113','EE',2005,'0384',7.00),(1,1,'01V125','CC',2005,NULL,2.00),(1,1,'01V125','EE',2005,'00157',10.00);
/*!40000 ALTER TABLE `notes` ENABLE KEYS */;
UNLOCK TABLES;

--
-- Table structure for table `options`
--

DROP TABLE IF EXISTS `options`;
/*!40101 SET @saved_cs_client     = @@character_set_client */;
/*!40101 SET character_set_client = utf8 */;
CREATE TABLE `options` (
  `IDOPTION` mediumint(8) unsigned NOT NULL AUTO_INCREMENT,
  `IDFIL` mediumint(8) unsigned NOT NULL DEFAULT '0',
  `CODOPTION` varchar(6) NOT NULL DEFAULT '',
  `NOM` varchar(50) NOT NULL DEFAULT '',
  PRIMARY KEY (`IDOPTION`),
  UNIQUE KEY `options_index1395` (`IDFIL`,`CODOPTION`),
  CONSTRAINT `FK_options_1` FOREIGN KEY (`IDFIL`) REFERENCES `filiere` (`IDFIL`)
) ENGINE=InnoDB AUTO_INCREMENT=117 DEFAULT CHARSET=latin1;
/*!40101 SET character_set_client = @saved_cs_client */;

--
-- Dumping data for table `options`
--
-- WHERE:  TRUE limit 100

LOCK TABLES `options` WRITE;
/*!40000 ALTER TABLE `options` DISABLE KEYS */;
INSERT INTO `options` VALUES (1,10,'AG','AGROPEDOLOGIE'),(2,3,'VP','VOLCANOLOGIE-PETROLOGIE'),(3,3,'PG','PETROLOGIE ET GEOLOGIE STRUCTURALE'),(4,3,'GF','GEOLOGIE DES FORMATIONS SUPERFICIELLES'),(5,3,'SH','SCIENCES GEOTECHNIQUES ET HYDROTECHNIQUES'),(6,3,'GS','GEOLOGIE DES FORMATIONS SEDIMENTAIRES'),(7,3,'PT','PEDOLOGIE TROPICALE'),(8,3,'GM','GEOLOGIE APPLIQUEE-METALLOGENIE'),(9,2,'PA','PHYSIOLOGIE ANIMALE'),(10,2,'ZA','ZOOLOGIE APPROFONDIE ET APPLIQUEE'),(11,2,'HE','HYDROBIOLOGIE ET ENVIRONNEMENT (QUALITE DES EAUX)'),(12,2,'PS','PARASITOLOGIE'),(13,2,'BP','BIOLOGIE APPLIQUEE'),(14,4,'BE','BIOLOGIE DE L\'ENVIRONNEMENT'),(15,4,'BT','BIOTECHNOLOGIES VEGETALES'),(16,5,'GG','GEOLOGIE ET GEOPHYSIQUE APPLIQUEES A L\'E. M.& P.'),(17,14,'AR','ATOME ET RADIATION'),(18,14,'EL','ELECTRONIQUE'),(19,14,'EN','ENERGETIQUE'),(20,14,'GE','GEOPHYSIQUE EXTERNE'),(21,14,'GI','GEOPHYSIQUE INTERNE'),(22,14,'ME','MECANIQUE'),(23,14,'ML','MECANIQUE APPLIQUEE'),(24,14,'SM','SCIENCES DES MATERIAUX'),(25,9,'TD','THERMODYNAMIQUE'),(26,9,'CT','CHIMIE THEORIQUE'),(27,9,'CA','CHIMIE ANALYTIQUE'),(28,9,'CC','CHIMIE DE COORDINATION'),(29,9,'CB','CHIMIE DU BOIS'),(30,9,'CM','PHYSIO-CHIMIE DES MATERIAUX MINERAUX'),(31,9,'CR','CHIMIE MINERALE'),(32,9,'CO','CHIMIE ORGANIQUE'),(33,13,'AL','ALGEBRE'),(34,13,'AN','ANALYSE'),(35,13,'AM','ANALYSE NUMERIQUE'),(36,13,'GT','GEOMETRIE'),(37,13,'MS','MATHEMATIQUES APPL. AUX SCIENCES SOCIALES'),(38,16,'AE','ASSAINISSEMENT ET RESTAURATION DE L\'ENVIRONNEMENT'),(39,6,'BF','BIODIVERSITE ET PRODUCTIONS FORESTIERES'),(40,8,'TS','TECHNOLOGIE DES SEMENCES'),(41,17,'CV','CERAMIQUE ET VERRE'),(42,9,'CI','CHIMIE INORGANIQUE'),(43,13,'SD','SYSTEMES DYNAMIQUES'),(44,6,'AF','AGROFORESTERIE'),(46,4,'BF','BIODIVERSITE ET PRODUCTIONS FORESTIERES'),(104,39,'CPT','CHIMIE PHYSIQUE ET THEORIQUE'),(105,39,'CM','CHIMIE MINERALE'),(106,39,'CA','CHIMIE ANALYTIQUE'),(107,39,'CC','CHIMIE DE COORDINATION'),(108,39,'PCB','PHYSICO-CHIMIE DU BOIS'),(109,39,'PCMM','PHYSICO-CHIMIE DES MATERIAUX MINERAUX'),(110,6,'AC','AUDIT ET CERTIFICATION DES FORETS'),(114,7,'MASTER','MASTER RESEAUX ET APPLICATIONS MULTIMEDIA'),(115,13,'STAT','MASTER DE STATISTIQUE'),(116,9,'DESS','DESS');
/*!40000 ALTER TABLE `options` ENABLE KEYS */;
UNLOCK TABLES;

--
-- Table structure for table `parametre`
--

DROP TABLE IF EXISTS `parametre`;
/*!40101 SET @saved_cs_client     = @@character_set_client */;
/*!40101 SET character_set_client = utf8 */;
CREATE TABLE `parametre` (
  `NOM` varchar(100) NOT NULL DEFAULT '',
  `VALEUR` varchar(100) NOT NULL DEFAULT '',
  PRIMARY KEY (`NOM`)
) ENGINE=InnoDB DEFAULT CHARSET=latin1;
/*!40101 SET character_set_client = @saved_cs_client */;

--
-- Dumping data for table `parametre`
--
-- WHERE:  TRUE limit 100

LOCK TABLES `parametre` WRITE;
/*!40000 ALTER TABLE `parametre` DISABLE KEYS */;
INSERT INTO `parametre` VALUES ('Annee','2010'),('Fax','22 22 13 20'),('Telephone','22 22 13 20'),('Universite','UNIVERSITE DE YAOUNDE I'),('University','UNIVERSITY OF YAOUNDE I  ');
/*!40000 ALTER TABLE `parametre` ENABLE KEYS */;
UNLOCK TABLES;

--
-- Table structure for table `prerequis`
--

DROP TABLE IF EXISTS `prerequis`;
/*!40101 SET @saved_cs_client     = @@character_set_client */;
/*!40101 SET character_set_client = utf8 */;
CREATE TABLE `prerequis` (
  `IDUV` mediumint(8) unsigned NOT NULL DEFAULT '0',
  `IDPREREQUIS` mediumint(8) unsigned NOT NULL DEFAULT '0',
  PRIMARY KEY (`IDUV`,`IDPREREQUIS`),
  CONSTRAINT `FK_prerequis_1` FOREIGN KEY (`IDUV`) REFERENCES `uv` (`IDUV`) ON DELETE CASCADE ON UPDATE CASCADE
) ENGINE=InnoDB DEFAULT CHARSET=latin1;
/*!40101 SET character_set_client = @saved_cs_client */;

--
-- Dumping data for table `prerequis`
--
-- WHERE:  TRUE limit 100

LOCK TABLES `prerequis` WRITE;
/*!40000 ALTER TABLE `prerequis` DISABLE KEYS */;
/*!40000 ALTER TABLE `prerequis` ENABLE KEYS */;
UNLOCK TABLES;

--
-- Table structure for table `programme`
--

DROP TABLE IF EXISTS `programme`;
/*!40101 SET @saved_cs_client     = @@character_set_client */;
/*!40101 SET character_set_client = utf8 */;
CREATE TABLE `programme` (
  `IDCLASSE` mediumint(8) unsigned NOT NULL DEFAULT '0',
  `IDMODULE` mediumint(8) unsigned NOT NULL DEFAULT '0',
  `ANNEE` year(4) NOT NULL DEFAULT '0000',
  `TYPE_2` enum('Obligatoire','Optionnel','Complementaire') DEFAULT NULL,
  `UVBASE` mediumint(8) unsigned DEFAULT NULL,
  PRIMARY KEY (`IDCLASSE`,`IDMODULE`,`ANNEE`),
  KEY `FK_programme_2` (`IDMODULE`),
  KEY `FK_programme_3` (`UVBASE`),
  CONSTRAINT `FK_programme_1` FOREIGN KEY (`IDCLASSE`) REFERENCES `classe` (`IDCLASSE`) ON DELETE CASCADE ON UPDATE CASCADE,
  CONSTRAINT `FK_programme_2` FOREIGN KEY (`IDMODULE`) REFERENCES `module` (`IDMODULE`) ON DELETE CASCADE ON UPDATE CASCADE,
  CONSTRAINT `FK_programme_3` FOREIGN KEY (`UVBASE`) REFERENCES `uv` (`IDUV`) ON DELETE SET NULL ON UPDATE CASCADE
) ENGINE=InnoDB DEFAULT CHARSET=latin1;
/*!40101 SET character_set_client = @saved_cs_client */;

--
-- Dumping data for table `programme`
--
-- WHERE:  TRUE limit 100

LOCK TABLES `programme` WRITE;
/*!40000 ALTER TABLE `programme` DISABLE KEYS */;
INSERT INTO `programme` VALUES (1,1,2004,'Obligatoire',NULL),(1,1,2005,'Obligatoire',NULL),(1,1,2006,'Obligatoire',NULL),(1,1,2007,'Obligatoire',NULL),(1,1,2008,'Obligatoire',NULL),(1,2,2004,'Obligatoire',NULL),(1,2,2005,'Obligatoire',NULL),(1,2,2006,'Obligatoire',NULL),(1,2,2007,'Obligatoire',NULL),(1,2,2008,'Obligatoire',NULL),(1,3,2004,'Obligatoire',NULL),(1,3,2005,'Obligatoire',NULL),(1,3,2006,'Obligatoire',NULL),(1,3,2007,'Obligatoire',NULL),(1,3,2008,'Obligatoire',NULL),(1,4,2004,'Obligatoire',NULL),(1,4,2005,'Obligatoire',NULL),(1,4,2006,'Obligatoire',NULL),(1,4,2007,'Obligatoire',NULL),(1,4,2008,'Obligatoire',NULL),(1,5,2004,'Obligatoire',NULL),(1,5,2005,'Obligatoire',NULL),(1,5,2006,'Obligatoire',NULL),(1,5,2007,'Obligatoire',NULL),(1,5,2008,'Obligatoire',NULL),(2,34,2004,'Obligatoire',NULL),(2,34,2005,'Obligatoire',NULL),(2,34,2006,'Obligatoire',NULL),(2,34,2007,'Obligatoire',NULL),(2,34,2008,'Obligatoire',NULL),(2,35,1999,'Obligatoire',NULL),(2,35,2004,'Obligatoire',NULL),(2,35,2005,'Obligatoire',NULL),(2,35,2006,'Obligatoire',NULL),(2,35,2007,'Obligatoire',NULL),(2,35,2008,'Obligatoire',NULL),(2,36,2004,'Obligatoire',NULL),(2,36,2005,'Obligatoire',NULL),(2,36,2006,'Obligatoire',NULL),(2,36,2007,'Obligatoire',NULL),(2,36,2008,'Obligatoire',NULL),(2,37,2004,'Obligatoire',NULL),(2,37,2005,'Obligatoire',NULL),(2,37,2006,'Obligatoire',NULL),(2,37,2007,'Obligatoire',NULL),(2,37,2008,'Obligatoire',NULL),(2,38,2005,'Optionnel',NULL),(2,38,2006,'Optionnel',NULL),(2,38,2007,'Optionnel',NULL),(2,38,2008,'Optionnel',NULL),(2,39,2004,'Optionnel',NULL),(2,39,2005,'Optionnel',NULL),(2,39,2006,'Optionnel',NULL),(2,39,2007,'Optionnel',NULL),(2,39,2008,'Optionnel',NULL),(2,40,2004,'Optionnel',NULL),(2,40,2005,'Optionnel',NULL),(2,40,2006,'Optionnel',NULL),(2,40,2007,'Optionnel',NULL),(2,40,2008,'Optionnel',NULL),(3,41,2004,'Obligatoire',NULL),(3,41,2005,'Obligatoire',NULL),(3,41,2006,'Obligatoire',NULL),(3,41,2007,'Obligatoire',NULL),(3,41,2008,'Obligatoire',NULL),(3,41,2009,'Obligatoire',NULL),(3,42,2004,'Obligatoire',NULL),(3,42,2005,'Obligatoire',NULL),(3,42,2006,'Obligatoire',NULL),(3,42,2007,'Obligatoire',NULL),(3,42,2008,'Obligatoire',NULL),(3,42,2009,'Obligatoire',NULL),(3,43,2004,'Obligatoire',NULL),(3,43,2005,'Obligatoire',NULL),(3,43,2006,'Obligatoire',NULL),(3,43,2007,'Obligatoire',NULL),(3,43,2008,'Obligatoire',NULL),(3,43,2009,'Obligatoire',NULL),(3,44,2004,'Obligatoire',NULL),(3,44,2005,'Obligatoire',NULL),(3,44,2006,'Obligatoire',NULL),(3,44,2007,'Obligatoire',NULL),(3,44,2008,'Obligatoire',NULL),(3,44,2009,'Obligatoire',NULL),(3,45,2004,'Optionnel',NULL),(3,45,2005,'Optionnel',NULL),(3,45,2006,'Optionnel',NULL),(3,45,2007,'Optionnel',NULL),(3,45,2008,'Optionnel',NULL),(3,45,2009,'Optionnel',NULL),(3,46,2004,'Optionnel',NULL),(3,46,2005,'Optionnel',NULL),(3,46,2006,'Optionnel',NULL),(3,46,2007,'Optionnel',NULL),(3,46,2008,'Optionnel',NULL),(3,46,2009,'Optionnel',NULL),(3,47,2004,'Optionnel',NULL),(3,47,2005,'Optionnel',NULL),(3,47,2006,'Optionnel',NULL),(3,47,2007,'Optionnel',NULL);
/*!40000 ALTER TABLE `programme` ENABLE KEYS */;
UNLOCK TABLES;

--
-- Table structure for table `province`
--

DROP TABLE IF EXISTS `province`;
/*!40101 SET @saved_cs_client     = @@character_set_client */;
/*!40101 SET character_set_client = utf8 */;
CREATE TABLE `province` (
  `CODPROVINCE` char(3) NOT NULL DEFAULT '',
  `NOMPROV` varchar(20) NOT NULL DEFAULT '',
  PRIMARY KEY (`CODPROVINCE`)
) ENGINE=InnoDB DEFAULT CHARSET=latin1;
/*!40101 SET character_set_client = @saved_cs_client */;

--
-- Dumping data for table `province`
--
-- WHERE:  TRUE limit 100

LOCK TABLES `province` WRITE;
/*!40000 ALTER TABLE `province` DISABLE KEYS */;
INSERT INTO `province` VALUES ('AD','ADAMAOUA'),('CE','CENTRE'),('EN','EXTREME NORD'),('ES','EST'),('ETR','ETRANGER'),('LT','LITTORAL'),('NO','NORD'),('NW','NORD-OUEST'),('OU','OUEST'),('SU','SUD'),('SW','SUD-OUEST');
/*!40000 ALTER TABLE `province` ENABLE KEYS */;
UNLOCK TABLES;

--
-- Table structure for table `refugie`
--

DROP TABLE IF EXISTS `refugie`;
/*!40101 SET @saved_cs_client     = @@character_set_client */;
/*!40101 SET character_set_client = utf8 */;
CREATE TABLE `refugie` (
  `MATRICULE` varchar(10) NOT NULL DEFAULT '',
  PRIMARY KEY (`MATRICULE`)
) ENGINE=InnoDB DEFAULT CHARSET=latin1;
/*!40101 SET character_set_client = @saved_cs_client */;

--
-- Dumping data for table `refugie`
--
-- WHERE:  TRUE limit 100

LOCK TABLES `refugie` WRITE;
/*!40000 ALTER TABLE `refugie` DISABLE KEYS */;
INSERT INTO `refugie` VALUES ('00D181'),('01D120'),('01I352'),('01J352'),('01Q231'),('02B211'),('02D257'),('03A362'),('03B434'),('03F433'),('03J346'),('04G610'),('04G694'),('04G807'),('04I622'),('04L606'),('05H250'),('05I361'),('05J822'),('05J840'),('05K778'),('05L595'),('06H558'),('06K711'),('06K798'),('06X101'),('07H984'),('95C486'),('97A205');
/*!40000 ALTER TABLE `refugie` ENABLE KEYS */;
UNLOCK TABLES;

--
-- Table structure for table `semestre`
--

DROP TABLE IF EXISTS `semestre`;
/*!40101 SET @saved_cs_client     = @@character_set_client */;
/*!40101 SET character_set_client = utf8 */;
CREATE TABLE `semestre` (
  `IDSEMESTRE` tinyint(3) unsigned NOT NULL DEFAULT '0',
  `DESCRIPTION` varchar(15) DEFAULT NULL,
  PRIMARY KEY (`IDSEMESTRE`)
) ENGINE=InnoDB DEFAULT CHARSET=latin1;
/*!40101 SET character_set_client = @saved_cs_client */;

--
-- Dumping data for table `semestre`
--
-- WHERE:  TRUE limit 100

LOCK TABLES `semestre` WRITE;
/*!40000 ALTER TABLE `semestre` DISABLE KEYS */;
INSERT INTO `semestre` VALUES (1,'1ER SEMESTRE'),(2,'2EME SEMESTRE'),(3,'RATTRAPAGE'),(4,'RATTRAPAGE S2');
/*!40000 ALTER TABLE `semestre` ENABLE KEYS */;
UNLOCK TABLES;

--
-- Table structure for table `suit`
--

DROP TABLE IF EXISTS `suit`;
/*!40101 SET @saved_cs_client     = @@character_set_client */;
/*!40101 SET character_set_client = utf8 */;
CREATE TABLE `suit` (
  `MATRICULE` varchar(10) NOT NULL DEFAULT '',
  `IDMODULE` mediumint(8) unsigned NOT NULL DEFAULT '0',
  `IDUV` mediumint(8) unsigned NOT NULL DEFAULT '0',
  `ANNEE` year(4) NOT NULL DEFAULT '0000',
  `ETAT` enum('V','NV','C') DEFAULT 'NV',
  PRIMARY KEY (`MATRICULE`,`IDMODULE`,`IDUV`),
  KEY `FK_suit_2` (`IDMODULE`),
  KEY `FK_suit_3` (`IDUV`),
  CONSTRAINT `FK_suit_1` FOREIGN KEY (`MATRICULE`) REFERENCES `etudiant` (`MATRICULE`) ON DELETE CASCADE ON UPDATE CASCADE,
  CONSTRAINT `FK_suit_2` FOREIGN KEY (`IDMODULE`) REFERENCES `module` (`IDMODULE`) ON DELETE CASCADE ON UPDATE CASCADE,
  CONSTRAINT `FK_suit_3` FOREIGN KEY (`IDUV`) REFERENCES `uv` (`IDUV`) ON DELETE CASCADE ON UPDATE CASCADE
) ENGINE=InnoDB DEFAULT CHARSET=latin1;
/*!40101 SET character_set_client = @saved_cs_client */;

--
-- Dumping data for table `suit`
--
-- WHERE:  TRUE limit 100

LOCK TABLES `suit` WRITE;
/*!40000 ALTER TABLE `suit` DISABLE KEYS */;
INSERT INTO `suit` VALUES ('00F215',3,2358,2007,'NV'),('00F215',41,80,2008,'NV'),('00F215',41,81,2008,'NV'),('00F215',42,28,2008,'NV'),('00F215',42,82,2008,'NV'),('00F215',43,26,2008,'NV'),('00F215',43,83,2008,'NV'),('00F215',43,84,2008,'NV'),('00F215',44,85,2008,'NV'),('00F215',44,86,2008,'NV'),('00F215',45,87,2008,'NV'),('00F215',45,88,2008,'NV'),('00F215',45,89,2008,'NV'),('00K010',75,107,2001,'C'),('00K010',75,108,2001,'C'),('00K010',75,109,2001,'V'),('00K010',76,113,2001,'C'),('00K010',77,115,2001,'V'),('00K010',78,116,2001,'C'),('00K010',79,118,2001,'V'),('00K010',79,119,2001,'V'),('00Q001',1,1,2001,'C'),('00Q001',1,2,2001,'V'),('00Q001',1,462,2001,'V'),('00Q001',2,5,2001,'C'),('00Q001',2,2346,2001,'C'),('00Q001',2,2347,2001,'C'),('00Q001',3,2358,2001,'C'),('00Q001',4,9,2001,'C'),('00Q001',5,11,2001,'C'),('00Q001',5,12,2001,'C'),('00Q002',1,1,2001,'C'),('00Q002',1,2,2001,'V'),('00Q002',1,462,2001,'C'),('00Q002',2,5,2001,'V'),('00Q002',2,2346,2001,''),('00Q002',2,2347,2001,'C'),('00Q002',3,2358,2001,''),('00Q002',3,2359,2001,''),('00Q002',4,9,2001,'C'),('00Q002',4,10,2001,'V'),('00Q002',5,11,2001,'C'),('00Q002',5,12,2001,'V'),('00Q003',77,114,2001,'V'),('00Q003',77,115,2001,'V'),('00Q003',78,116,2001,'V'),('00Q003',78,117,2001,'V'),('00Q003',187,118,2001,'V'),('00Q003',187,119,2001,'V'),('00Q003',187,314,2001,'V'),('00Q005',75,107,2002,'C'),('00Q005',75,108,2002,'C'),('00Q005',75,109,2002,'V'),('00Q005',76,110,2001,'V'),('00Q005',76,111,2001,'V'),('00Q005',76,113,2002,'V'),('00Q005',79,118,2002,'C'),('00Q005',79,119,2002,'C'),('00Q005',80,120,2002,'V'),('00Q005',80,121,2002,'V'),('00Q005',81,72,2002,'V'),('00Q005',81,122,2002,'V'),('00Q005',81,123,2002,'V'),('00Q005',82,19,2002,'V'),('00Q005',82,124,2002,'V'),('00Q005',83,125,2002,'V'),('00Q005',83,126,2002,'V'),('00Q005',83,128,2002,'V'),('00Q005',314,115,2002,'C'),('00Q005',314,117,2002,'C'),('00Q005',461,114,2002,'V'),('00Q005',507,116,2002,'C'),('00Q006',41,80,2004,'V'),('00Q006',41,81,2004,'V'),('00Q006',42,28,2004,'C'),('00Q006',42,82,2004,'V'),('00Q006',43,26,2004,'V'),('00Q006',43,83,2004,'V'),('00Q006',43,84,2004,'V'),('00Q006',44,85,2004,'V'),('00Q006',44,86,2004,'V'),('00Q006',45,87,2004,'V'),('00Q006',45,88,2004,'V'),('00Q006',45,89,2004,'V'),('00Q007',1,1,2001,'C'),('00Q007',1,2,2001,'V'),('00Q007',1,462,2001,'C'),('00Q007',2,5,2001,'V'),('00Q007',2,2346,2001,'V'),('00Q007',2,2347,2001,''),('00Q007',3,2358,2001,'C'),('00Q007',4,9,2001,'C'),('00Q007',5,11,2001,'C'),('00Q008',1,1,2002,'C'),('00Q008',1,2,2001,'V'),('00Q008',1,462,2002,'V'),('00Q008',2,5,2002,'V'),('00Q008',2,2346,2002,''),('00Q008',2,2347,2002,'C'),('00Q008',3,2358,2002,'C');
/*!40000 ALTER TABLE `suit` ENABLE KEYS */;
UNLOCK TABLES;

--
-- Table structure for table `tableofstats`
--

DROP TABLE IF EXISTS `tableofstats`;
/*!40101 SET @saved_cs_client     = @@character_set_client */;
/*!40101 SET character_set_client = utf8 */;
CREATE TABLE `tableofstats` (
  `MATRICULE` varchar(10) NOT NULL DEFAULT '',
  `CODETAB` varchar(6) NOT NULL DEFAULT '',
  `FILIERE` varchar(10) DEFAULT NULL,
  `NIVEAU` varchar(10) DEFAULT NULL,
  `CODOPT` varchar(6) DEFAULT NULL,
  `ANNEE` year(4) NOT NULL DEFAULT '0000',
  `CARTE` year(4) NOT NULL DEFAULT '0000',
  UNIQUE KEY `matricule` (`MATRICULE`,`CODETAB`),
  UNIQUE KEY `MATRICULE_2` (`MATRICULE`,`CODETAB`,`ANNEE`)
) ENGINE=InnoDB DEFAULT CHARSET=latin1;
/*!40101 SET character_set_client = @saved_cs_client */;

--
-- Dumping data for table `tableofstats`
--
-- WHERE:  TRUE limit 100

LOCK TABLES `tableofstats` WRITE;
/*!40000 ALTER TABLE `tableofstats` DISABLE KEYS */;
INSERT INTO `tableofstats` VALUES ('0','FS','BC','2','',2009,0000),('00A001','FALSH','ES','4','LE',2008,0000),('00A006','FALSH','MF','4','LR',2005,0000),('00A023','FALSH','PH','3','',2005,0000),('00A024','FALSH','NA','6','',2009,0000),('00A026','FALSH','GE','4','GM',2005,0000),('00A027','FALSH','HI','3','',2006,0000),('00A029','FALSH','PH','4','PC',2007,0000),('00A030','FALSH','ES','3','',2005,0000),('00A031','FALSH','LA','4','LP',2006,0000),('00A034','FALSH','MA','4','ET',2005,0000),('00A035','FALSH','PS','4','PO',2008,0000),('00A036','FALSH','BI','3','',2009,0000),('00A038','FALSH','AN','2','',2005,0000),('00A043','FALSH','HI','3','',2007,0000),('00A045','FALSH','NA','4','',2006,0000),('00A049','FALSH','HI','4','HS',2005,0000),('00A056','FALSH','HI','4','HS',2008,0000),('00A060','FALSH','HI','3','',2005,0000),('00A064','FALSH','GE','4','GR',2006,0000),('00A067','FALSH','BI','3','',2006,0000),('00A068','FALSH','SO','5','UR',2008,0000),('00A070','FALSH','AL','5','LA',2007,0000),('00A071','FALSH','HI','3','',2005,0000),('00A075','FALSH','MF','4','LF',2008,0000),('00A078','FALSH','MF','4','LF',2006,0000),('00A079','FALSH','GE','4','GM',2007,0000),('00A092','FALSH','HI','3','',2005,0000),('00A093','FALSH','AN','4','AD',2006,0000),('00A096','FALSH','SO','3','',2007,0000),('00A099','FALSH','PH','4','PP',2007,0000),('00A100','FALSH','GE','4','GR',2005,0000),('00A102','FALSH','BI','3','',2007,0000),('00A105','FALSH','MF','5','LR',2008,0000),('00A116','FALSH','SO','3','',2008,2008),('00A117','FALSH','HI','4','HS',2005,0000),('00A118','FALSH','HI','4','HS',2005,0000),('00A119','FALSH','MA','4','EL',2005,0000),('00A124','FALSH','HI','4','HR',2005,0000),('00A128','FALSH','MA','4','AC',2007,0000),('00A135','FALSH','BI','3','',2007,0000),('00A140','FALSH','HI','4','HS',2005,0000),('00A141','FALSH','ES','3','',2006,0000),('00A150','FALSH','HI','4','HS',2005,0000),('00A153','FALSH','GE','4','GU',2006,0000),('00A155','FALSH','AL','4','LI',2005,0000),('00A156','FALSH','AL','3','',2005,0000),('00A157','FALSH','MF','5','LF',2008,2008),('00A160','FALSH','PS','3','',2007,0000),('00A162','FALSH','GE','4','GN',2005,0000),('00A168','FALSH','LA','4','LG',2005,0000),('00A187','FALSH','MA','5','AC',2008,2008),('00A189','FALSH','PS','3','',2005,0000),('00A191','FALSH','MF','5','LF',2007,0000),('00A199','FALSH','PH','3','',2007,0000),('00A212','FALSH','PS','4','PO',2008,0000),('00A216','FALSH','PH','4','PP',2007,0000),('00A218','FALSH','AS','3','',2009,0000),('00A222','FALSH','AN','4','AD',2006,0000),('00A228','FALSH','MA','3','',2005,0000),('00A230','FALSH','MA','3','',2009,2009),('00A231','FALSH','SO','2','',2005,0000),('00A388','FALSH','NA','5','',2008,2008),('00A508','FALSH','AL','3','',2008,2008),('00A511','FALSH','AL','5','LI',2007,0000),('00A516','FALSH','AL','5','LI',2006,0000),('00A520','FALSH','AL','5','LI',2008,0000),('00A536','FALSH','MA','3','',2008,0000),('00A549','FALSH','MA','3','',2008,2008),('00A557','FALSH','MA','3','',2009,2009),('00A558','FALSH','MA','5','ET',2007,0000),('00A566','FALSH','MA','4','EL',2006,0000),('00A568','FALSH','AS','4','CT',2008,2008),('00B003','FALSH','NA','4','',2006,0000),('00B023','FALSH','HI','4','HR',2005,0000),('00B025','FALSH','SO','3','',2005,0000),('00B026','FALSH','SO','4','PD',2006,0000),('00B027','FALSH','SO','3','',2005,0000),('00B033','FALSH','MF','4','LF',2005,0000),('00B038','FALSH','MF','5','LR',2008,2008),('00B039','FALSH','PS','4','PE',2006,0000),('00B040','FALSH','AN','3','',2005,0000),('00B042','FALSH','LA','3','',2005,0000),('00B047','FALSH','AN','4','ME',2007,0000),('00B051','FALSH','SO','3','',2005,0000),('00B053','FALSH','AN','3','',2007,0000),('00B061','FALSH','AN','3','',2006,0000),('00B064','FALSH','MF','4','LF',2006,0000),('00B066','FALSH','SO','3','',2006,0000),('00B073','FALSH','AL','3','',2006,0000),('00B076','FALSH','SO','5','PD',2008,2008),('00B077','FALSH','GE','3','',2006,0000),('00B078','FALSH','PS','4','PO',2007,0000),('00B079','FALSH','MF','4','LR',2006,0000),('00B084','FALSH','HI','4','HS',2006,0000),('00B086','FALSH','MA','5','EL',2008,2008),('00B094','FALSH','PS','4','PE',2008,0000),('00B095','FALSH','HI','5','EG',2007,0000),('00B101','FALSH','HI','3','',2005,0000),('00B102','FALSH','AN','4','AD',2006,0000);
/*!40000 ALTER TABLE `tableofstats` ENABLE KEYS */;
UNLOCK TABLES;

--
-- Table structure for table `traceprofil`
--

DROP TABLE IF EXISTS `traceprofil`;
/*!40101 SET @saved_cs_client     = @@character_set_client */;
/*!40101 SET character_set_client = utf8 */;
CREATE TABLE `traceprofil` (
  `MATRICULE` varchar(10) NOT NULL DEFAULT '',
  `ANNEE` year(4) NOT NULL DEFAULT '0000',
  `OBSERVATIONS` varchar(255) DEFAULT NULL,
  PRIMARY KEY (`MATRICULE`,`ANNEE`)
) ENGINE=InnoDB DEFAULT CHARSET=latin1;
/*!40101 SET character_set_client = @saved_cs_client */;

--
-- Dumping data for table `traceprofil`
--
-- WHERE:  TRUE limit 100

LOCK TABLES `traceprofil` WRITE;
/*!40000 ALTER TABLE `traceprofil` DISABLE KEYS */;
INSERT INTO `traceprofil` VALUES ('       ',2019,'sevany: 28/01/2019 14:51:51'),(' 05372 ',2017,'patkoum2: 02/02/2017 07:45:26'),(' 081057',2017,'patkoum2: 22/05/2017 13:29:31'),('004183',2009,'baya: 18/11/2009 11:23:15'),('005491',2010,'Alice: 15/05/2015 10:56:41'),('00a031',2009,'secke: 06/10/2009 10:19:36'),('00a036',2009,'dongmo: 06/02/2009 13:11:40'),('00a110',2009,'dongmo: 02/02/2009 12:20:21'),('00a114',2010,'cassy: 03/02/2010 10:21:43'),('00A126',2009,'secke: 11/09/2009 10:21:54'),('00a177',2010,'secke: 09/02/2010 14:50:21'),('00a189',2008,'secke: 02/12/2008 14:13:33'),('00a190',2009,'monthe: 07/08/2009 12:40:24'),('00a193',2009,'cassy: 01/12/2009 11:15:25'),('00a231',2009,'cassy: 03/09/2009 14:28:24'),('00a514',2009,'dongmo: 06/08/2009 13:58:19'),('00a536',2009,'secke: 14/04/2009 14:58:24'),('00B023',2009,'secke: 10/11/2009 11:39:44'),('00b039',2009,'cassy: 21/07/2009 13:45:13'),('00b076',2009,'secke: 08/07/2009 12:37:47'),('00b152',2009,'secke: 09/02/2009 13:05:55'),('00b203',2010,'cassy: 10/03/2010 13:12:52'),('00B229',2009,'monthe: 15/10/2009 12:01:46'),('00b521',2008,'cassy: 03/12/2008 13:57:32'),('00b521',2010,'cassy: 03/02/2010 10:03:00'),('00b530',2009,'secke: 02/10/2009 13:12:37'),('00b553',2008,'cassy: 15/01/2009 10:14:16'),('00B553',2009,'monthe: 26/02/2009 14:33:45'),('00B613',2009,'monthe: 13/03/2009 13:06:14'),('00b660',2008,'dongmo: 15/01/2009 14:50:57'),('00c001',2009,'essimbi: 25/02/2009 15:14:52'),('00C028',2008,'cassy: 12/01/2009 13:02:18'),('00c082',2009,'essimbi: 19/06/2009 09:42:55'),('00c086',2009,'essimbi: 28/01/2009 14:37:57'),('00c110',2009,'essimbi: 07/10/2009 11:57:53'),('00c122',2008,'monthe: 10/12/2008 14:46:31'),('00c140',2009,'dongmo: 12/02/2009 13:31:12'),('00c161',2008,'secke: 02/12/2008 14:13:55'),('00c161',2009,'essimbi: 07/10/2009 12:01:31'),('00c163',2009,'essimbi: 16/09/2009 09:59:17'),('00c189',2009,'monthe: 03/03/2009 14:59:23'),('00c203',2009,'secke: 19/02/2009 16:07:10'),('00c524',2009,'secke: 19/02/2009 10:08:58'),('00d065',2009,'cassy: 15/10/2009 14:33:47'),('00d099',2008,'cassy: 20/11/2008 15:07:31'),('00d175',2009,'secke: 06/10/2009 10:19:45'),('00d180',2010,'cassy: 29/03/2010 12:08:42'),('00d196',2009,'cassy: 17/12/2009 11:37:10'),('00d210',2010,'secke: 15/02/2010 14:11:36'),('00d510',2009,'secke: 25/02/2009 12:58:30'),('00d600',2008,'cassy: 12/12/2008 13:26:06'),('00e004',2010,'monthe: 03/02/2010 11:22:56'),('00e030',2009,'secke: 02/06/2009 10:56:27'),('00e067',2009,'secke: 13/11/2009 11:47:11'),('00e071',2009,'monthe: 07/08/2009 12:37:17'),('00e090',2009,'secke: 18/09/2009 12:59:23'),('00e091',2009,'dongmo: 12/02/2009 13:38:17'),('00e205',2009,'essimbi: 18/02/2009 09:45:55'),('00e205',2010,'monthe: 03/02/2010 11:23:20'),('00E546',2009,'monthe: 17/02/2009 12:20:50'),('00e552',2010,'cassy: 03/02/2010 10:21:12'),('00e659',2009,'secke: 20/10/2009 11:30:34'),('00e663',2009,'cassy: 23/10/2009 12:41:26'),('00f048',2009,'cassy: 16/09/2009 12:38:02'),('00F063',2008,'cassy: 12/01/2009 12:56:12'),('00F097',2009,'monthe: 19/02/2009 13:45:12'),('00f097',2010,'monthe: 13/04/2010 14:47:22'),('00f108',2008,'cassy: 21/11/2008 09:47:56'),('00F116',2009,'monthe: 26/11/2009 13:38:53'),('00f119',2008,'monthe: 11/12/2008 11:24:14'),('00f122',2008,'cassy: 19/11/2008 14:29:27'),('00f141',2010,'cassy: 21/01/2010 11:30:58'),('00f144',2008,'cassy: 14/01/2009 13:20:25'),('00F155',2009,'monthe: 06/11/2009 13:35:39'),('00f216',2009,'secke: 29/09/2009 15:20:30'),('00g003',2008,'cassy: 14/01/2009 13:52:28'),('00G003',2009,'monthe: 10/11/2009 12:27:40'),('00g017',2009,'monthe: 14/04/2009 14:57:45'),('00g035',2009,'dongmo: 12/02/2009 13:34:24'),('00G055',2009,'dongmo: 13/08/2009 11:38:57'),('00g083',2009,'dongmo: 18/02/2009 15:52:23'),('00G102',2008,'monthe: 17/12/2008 11:06:37'),('00g102',2009,'cassy: 29/10/2009 14:37:51'),('00g141',2009,'essimbi: 14/10/2009 12:10:55'),('00g147',2009,'secke: 09/11/2009 12:23:27'),('00g148',2008,'cassy: 02/12/2008 15:00:22'),('00g153',2009,'essimbi: 24/09/2009 09:34:07'),('00g157',2009,'monthe: 20/07/2009 16:25:42'),('00h004',2008,'cassy: 14/01/2009 13:22:53'),('00h027',2009,'secke: 04/11/2009 11:53:49'),('00h050',2009,'secke: 13/10/2009 12:10:46'),('00h056',2009,'dongmo: 26/01/2009 15:01:33'),('00h079',2009,'essimbi: 17/06/2009 15:55:08'),('00h093',2009,'cassy: 15/10/2009 14:34:13'),('00h151',2009,'dongmo: 29/10/2009 12:41:43'),('00h197',2008,'secke: 15/12/2008 12:39:48'),('00h232',2010,'monthe: 23/04/2010 14:13:14'),('00i114',2009,'essimbi: 27/10/2009 14:47:16'),('00i117',2010,'cassy: 19/01/2010 15:28:47'),('00i130',2009,'dongmo: 08/06/2009 12:48:06');
/*!40000 ALTER TABLE `traceprofil` ENABLE KEYS */;
UNLOCK TABLES;

--
-- Table structure for table `tracereleve`
--

DROP TABLE IF EXISTS `tracereleve`;
/*!40101 SET @saved_cs_client     = @@character_set_client */;
/*!40101 SET character_set_client = utf8 */;
CREATE TABLE `tracereleve` (
  `MATRICULE` varchar(10) NOT NULL DEFAULT '',
  `ANNEE` year(4) NOT NULL DEFAULT '0000',
  `CLASSE` mediumint(8) unsigned NOT NULL DEFAULT '0',
  `OBSERVATIONS` varchar(255) DEFAULT NULL,
  PRIMARY KEY (`MATRICULE`,`ANNEE`,`CLASSE`)
) ENGINE=InnoDB DEFAULT CHARSET=latin1;
/*!40101 SET character_set_client = @saved_cs_client */;

--
-- Dumping data for table `tracereleve`
--
-- WHERE:  TRUE limit 100

LOCK TABLES `tracereleve` WRITE;
/*!40000 ALTER TABLE `tracereleve` DISABLE KEYS */;
INSERT INTO `tracereleve` VALUES ('',2003,140,'secke: 03/08/2005 12:40:03'),('',2005,144,'cassy: 28/11/2005 14:34:44kouamou: 28/11/2005 19:42:26'),('',2005,172,'essimbi: 18/08/2005 14:36:49'),('',2005,228,'kouamou: 30/08/2005 13:45:42'),('',2005,263,'essimbi: 15/11/2005 10:33:50 kouamou: 15/02/2006 13:03:49'),('00a001',2008,229,'cassy: 10/06/2009 12:33:26'),('00a007',2005,207,'cassy: 23/12/2005 10:27:17'),('00A023',2005,194,'secke: 20/12/2005 12:38:48'),('00a024',2006,296,'secke: 20/07/2006 15:27:48'),('00a024',2008,297,'ngadjeu: 28/03/2008 11:42:00'),('00a029',2007,199,'cassy: 23/07/2009 12:30:06'),('00A030',2005,227,'secke: 05/01/2006 11:39:16'),('00a030',2005,228,'secke: 16/12/2005 11:17:18'),('00a035',2008,141,'cassy: 31/10/2008 14:21:41'),('00a037',2002,261,'ngadjeu: 15/10/2008 10:45:55'),('00a037',2002,262,'ngadjeu: 15/10/2008 10:45:48'),('00a037',2003,262,'ngadjeu: 15/10/2008 10:46:01'),('00a038',2001,160,'secke: 07/11/2005 12:28:07'),('00a043',2004,261,'ngadjeu: 22/11/2006 12:26:15 kouamou: 13/02/2007 14:30:40 kouamou: 13/02/2007 14:30:41 kouamou: 13/02/2007 14:30:42 kouamou: 13/02/2007 14:31:25'),('00a043',2005,262,'secke: 09/11/2005 15:06:52 ngadjeu: 27/11/2006 14:38:49'),('00a043',2005,263,'essimbi: 15/11/2005 10:56:00 ngadjeu: 24/02/2006 11:31:04'),('00a043',2006,263,'ngadjeu: 18/01/2007 11:35:14'),('00A045',2001,183,'monthe: 16/12/2009 14:34:25'),('00a045',2003,184,'cassy: 16/12/2009 13:23:48'),('00a045',2004,185,'cassy: 16/12/2009 13:24:03'),('00a056',2005,263,'ATOUBA: 15/06/2005 12:27:41'),('00a056',2008,264,'secke: 07/10/2008 11:27:15'),('00a060',2005,263,'essimbi: 16/12/2005 14:09:56'),('00a068',2007,149,'ngadjeu: 28/03/2008 11:25:42 ngadjeu: 28/03/2008 11:31:50'),('00a068',2007,393,'ngadjeu: 28/03/2008 11:13:23 ngadjeu: 28/03/2008 11:18:55'),('00a070',2006,157,'secke: 31/10/2006 13:19:21'),('00a071',2005,263,'cassy: 16/11/2005 12:48:54'),('00a075',2008,180,'cassy: 05/11/2008 09:11:40 monthe: 01/04/2009 15:07:09'),('00a080',2004,283,'kouamou: 15/06/2007 13:23:38'),('00a092',2005,263,'cassy: 19/12/2005 10:03:01 kouamou: 30/01/2006 15:17:32'),('00a093',2001,160,'cassy: 22/05/2008 14:01:33'),('00a093',2002,161,'cassy: 22/05/2008 14:01:49'),('00a093',2003,162,'cassy: 22/05/2008 14:01:59'),('00a093',2006,165,'secke: 17/10/2006 12:46:53'),('00a096',2007,144,'ngadjeu: 01/04/2008 11:27:21'),('00a096',2007,145,'ngadjeu: 01/04/2008 11:27:18 ngadjeu: 22/04/2008 13:43:57 ngadjeu: 22/04/2008 13:50:25 ngadjeu: 22/04/2008 13:51:57'),('00a096',2009,143,'cassy: 04/01/2010 13:30:15'),('00a102',2005,222,'secke: 04/01/2006 16:12:15'),('00a102',2006,283,'ngadjeu: 22/11/2006 14:10:21'),('00a102',2007,283,'secke: 28/11/2007 15:30:42'),('00A102',2007,284,'kouamou: 22/11/2007 15:46:41'),('00A105',2007,179,'essimbi: 03/04/2007 14:11:50 kouamou: 30/05/2007 12:18:09'),('00a110',2002,241,'secke: 13/05/2009 14:31:33'),('00a115',2007,199,'ngadjeu: 27/05/2008 14:31:06'),('00a116',2007,143,'secke: 05/12/2007 14:53:43'),('00a116',2007,144,'secke: 29/11/2007 14:55:58'),('00a116',2008,145,'cassy: 03/12/2008 11:16:32'),('00a128',2006,172,'kouamou: 06/08/2007 14:48:15'),('00A135',2007,284,'kouamou: 22/11/2007 15:52:46 cassy: 05/01/2009 14:33:27'),('00a141',2005,228,'secke: 16/12/2005 11:37:45'),('00a141',2006,228,'ngadjeu: 11/01/2007 10:57:28'),('00a146',2003,262,'ngadjeu: 01/02/2007 14:50:31'),('00A150',2005,264,'secke: 09/09/2005 12:35:30'),('00a153',2006,209,'secke: 15/09/2006 13:24:08'),('00a156',2005,156,'secke: 13/12/2005 12:12:02'),('00a157',2006,180,'secke: 08/11/2006 13:53:22'),('00a157',2008,182,'cassy: 25/07/2008 11:14:51'),('00a160',2007,139,'secke: 26/11/2007 12:50:31 ngadjeu: 18/01/2008 11:02:06'),('00a162',2008,212,'cassy: 17/02/2010 10:09:36'),('00a187',2007,172,'ngadjeu: 14/04/2008 15:58:30 ngadjeu: 14/04/2008 16:00:59'),('00a187',2008,175,'cassy: 11/11/2008 11:05:01'),('00a189',2005,139,'ATOUBA: 13/06/2005 12:01:28'),('00a191',2006,180,'kouamou: 31/01/2007 12:17:16'),('00A199',2006,192,'ngadjeu: 23/01/2007 13:08:43'),('00A199',2006,193,'secke: 15/07/2009 12:54:37'),('00a199',2007,193,'secke: 19/11/2009 14:29:05'),('00a199',2008,194,'cassy: 14/04/2009 16:50:21'),('00a216',2001,192,'kouamou: 14/11/2005 12:03:51'),('00a216',2003,192,'kouamou: 14/11/2005 12:29:36'),('00a216',2003,193,'secke: 15/11/2005 14:04:41'),('00a216',2003,194,'kouamou: 14/11/2005 12:04:02'),('00a218',2004,250,'secke: 05/06/2009 12:34:52'),('00A218',2005,250,'monthe: 10/06/2009 14:33:09'),('00a218',2006,251,'kouamou: 15/01/2007 14:45:55 secke: 05/06/2009 12:35:51'),('00a218',2009,252,'secke: 05/06/2009 13:50:50'),('00a222',2006,165,'secke: 17/10/2006 12:44:00'),('00a228',2005,169,'tsoungui: 14/12/2005 13:14:07'),('00a388',2003,296,'cassy: 17/09/2008 12:46:58 monthe: 16/06/2009 12:50:01 monthe: 16/06/2009 12:53:22'),('00a388',2008,297,'cassy: 17/09/2008 12:46:39 monthe: 16/06/2009 12:54:01'),('00a508',2008,156,'cassy: 04/09/2008 11:17:22 monthe: 01/06/2009 16:24:10'),('00a508',2008,263,'cassy: 04/09/2008 11:17:02'),('00a510',2001,156,'dongmo: 15/07/2009 12:44:20'),('00a511',2007,288,'ngadjeu: 29/01/2008 13:52:26'),('00a512',2002,156,'ngadjeu: 09/01/2008 11:39:18'),('00a516',2006,288,'ngadjeu: 22/08/2006 12:40:43'),('00a520',2008,288,'secke: 08/02/2008 09:55:06'),('00a536',2008,169,'cassy: 13/11/2008 11:36:38 monthe: 13/11/2008 11:39:05 monthe: 29/07/2009 15:25:37'),('00a549',2005,169,'kouamou: 14/08/2007 13:41:57'),('00a549',2009,169,'cassy: 21/01/2010 10:14:42'),('00a553',2007,172,'cassy: 01/10/2008 14:04:03'),('00a557',2009,169,'cassy: 21/01/2010 09:52:10'),('00a558',2005,170,'ATOUBA: 20/06/2005 13:10:58'),('00a558',2007,173,'secke: 11/12/2007 14:24:49 ngadjeu: 15/04/2008 10:24:18'),('00a566',2003,171,'secke: 20/07/2006 15:27:09 monthe: 28/10/2008 13:34:58'),('00a566',2006,174,'ngadjeu: 17/01/2007 15:02:36 monthe: 28/10/2008 13:34:08');
/*!40000 ALTER TABLE `tracereleve` ENABLE KEYS */;
UNLOCK TABLES;

--
-- Table structure for table `tranche`
--

DROP TABLE IF EXISTS `tranche`;
/*!40101 SET @saved_cs_client     = @@character_set_client */;
/*!40101 SET character_set_client = utf8 */;
CREATE TABLE `tranche` (
  `NUMOPERATION` varchar(30) NOT NULL DEFAULT '',
  `MATRICULE` varchar(10) NOT NULL DEFAULT '',
  `CODBANQUE` varchar(10) NOT NULL DEFAULT '',
  `ANNEE` year(4) NOT NULL DEFAULT '0000',
  `MONTANT` int(7) unsigned NOT NULL DEFAULT '0',
  `DATEPAIEMENT` date DEFAULT NULL,
  PRIMARY KEY (`NUMOPERATION`,`CODBANQUE`,`ANNEE`,`MATRICULE`),
  KEY `FK_tranche_1` (`MATRICULE`),
  KEY `FK_tranche_2` (`CODBANQUE`),
  CONSTRAINT `FK_tranche_1` FOREIGN KEY (`MATRICULE`) REFERENCES `etudiant` (`MATRICULE`) ON DELETE CASCADE ON UPDATE CASCADE,
  CONSTRAINT `FK_tranche_2` FOREIGN KEY (`CODBANQUE`) REFERENCES `banque` (`CODBANQUE`) ON UPDATE CASCADE
) ENGINE=InnoDB DEFAULT CHARSET=latin1;
/*!40101 SET character_set_client = @saved_cs_client */;

--
-- Dumping data for table `tranche`
--
-- WHERE:  TRUE limit 100

LOCK TABLES `tranche` WRITE;
/*!40000 ALTER TABLE `tranche` DISABLE KEYS */;
INSERT INTO `tranche` VALUES ('','91S726','AFRBY',2003,50000,'2007-06-13'),('','03W400','AFRBY',2004,50000,'2005-11-04'),('','03Y019','AMBY',2006,25000,'2006-06-15'),('','04Q568','AMBY',2006,25000,'2006-07-07'),('','05W221','AMBY',2006,25000,'2006-05-10'),('','01S244','AMBY',2007,25000,'2007-07-05'),('','01W044','AMBY',2007,25000,'2007-05-14'),('','04V291','AMBY',2007,25000,'2007-07-09'),('','05Q029','AMBY',2007,25000,'2007-01-17'),('','05Q092','AMBY',2007,25000,'2007-07-11'),('','05R093','AMBY',2007,25000,'2007-07-12'),('','05R259','AMBY',2007,25000,'2007-03-13'),('','05S325','AMBY',2007,25000,'2007-07-19'),('','05V221','AMBY',2007,25000,'2007-06-29'),('','05V310','AMBY',2007,25000,'2007-06-27'),('','06R003','AMBY',2007,25000,'2007-06-26'),('','06W297','AMBY',2007,25000,'2007-01-23'),('','06S603','AMBY',2008,25000,'2008-07-15'),('','01Q063','BICEC',2005,25000,'2005-07-15'),('','01Q191','BICEC',2005,50000,'2005-08-12'),('','02W133','BICEC',2005,25000,'2005-05-27'),('','04R570','BICEC',2005,50000,'2005-06-09'),('','863490','BICEC',2005,50000,'2005-04-20'),('','95V721','BICEC',2005,50000,'2006-01-03'),('','99R105','BICEC',2005,50000,'2005-08-12'),('','01R151','BICEC',2006,25000,'2006-06-14'),('','02X241','BICEC',2006,25000,'2006-06-22'),('','03Q118','BICEC',2006,25000,'2006-11-08'),('','03W101','BICEC',2006,25000,'2006-05-10'),('','04Q291','BICEC',2006,25000,'2006-06-28'),('','05U147','BICEC',2006,25000,'2006-05-30'),('','05V336','BICEC',2006,25000,'2006-07-24'),('','05Y323','BICEC',2006,25000,'2006-06-28'),('','96R562','BICEC',2006,50000,'2006-05-18'),('','03Y286','BICEC',2007,25000,'2007-07-10'),('','06Y035','BICEC',2007,25000,'2007-03-13'),('','00Q135','CBCY',2006,50000,'2006-04-28'),('','98S154','CBCY',2006,25000,'2006-07-19'),('','03Q046','CBCY',2007,50000,'2007-01-25'),('     865673','06V590','BICEC',2007,25000,'2007-06-29'),('    125027','04V322','AMBY',2007,50000,'2007-06-29'),('    151072','06X300','AMBY',2007,25000,'2007-07-11'),('   572908','04T117','BICEC',2006,50000,'2006-01-30'),('  157457','05Y341','AMBY',2007,25000,'2007-07-11'),(' 0469756','07V126','ECOBANK',2010,25000,'2010-05-10'),(' 124627','05V197','AMBY',2007,25000,'2007-07-03'),(' 154055','01Q115','AMBY',2007,25000,'2007-06-29'),(' 156167','04V132','AMBY',2007,25000,'2007-07-09'),(' 210154','06R898','AMBY',2008,25000,'2008-07-14'),(' 222454','05U235','AMBY',2008,25000,'2008-07-14'),(' 651709','04V296','BICEC',2006,50000,'2006-01-26'),(' 70018','04Q075','AMBY',2006,25000,'2006-01-24'),(' 766074','05W391','CBCY',2006,25000,'2006-02-02'),(' 834741','99X103','BICEC',2005,50000,NULL),('.289398','08X1031','AMBY',2009,25000,'2009-06-23'),('.791602','02U274','BICEC',2007,50000,'2007-05-14'),('00000','96R945','AMBY',1999,50000,'2011-05-25'),('00000','05Y247','AMBY',2008,50000,'2008-02-27'),('00000','05R459','BICEC',2007,50000,'2007-01-30'),('00000','04T090','BICEC',2008,25000,'2008-02-22'),('00000','97R072','CBCY',2000,50000,'2011-04-13'),('000000','05U392','AMBY',2008,25000,'2008-03-10'),('000001','93R417','AMBY',1998,50000,'2013-03-26'),('000001','07V970','AMBY',2009,25000,'2009-03-04'),('000002','05X107','AMBY',2008,25000,'2009-02-17'),('000002','06V827','AMBY',2009,25000,'2009-03-06'),('00001','97V568','AFRBY',1999,50000,'2008-05-26'),('00001','06S678','AMBY',2008,25000,'2008-11-19'),('00001','06u358','BICEC',2009,50000,'2010-11-09'),('00001','02Y240','BICEC',2010,50000,'2010-11-09'),('00001','98S044','ECOBANK',2004,50000,'2010-09-15'),('00001','98S044','ECOBANK',2005,50000,'2010-09-15'),('00002','97U340','AFRBY',1999,50000,'2009-05-12'),('00002','03R355','AMBY',2008,25000,'2008-11-19'),('00002','98S044','ECOBANK',2006,50000,'2010-09-15'),('00003','97U371','AFRBY',1999,50000,'2008-09-24'),('00003','98S044','ECOBANK',2007,50000,'2010-09-15'),('00004','04U018','AFRBY',2000,50000,'2008-10-31'),('00004','98Q317','AFRBY',2000,50000,'2008-10-31'),('00004','98S044','ECOBANK',2008,50000,'2010-09-15'),('00005','94R288','AFRBY',1999,50000,'2008-06-23'),('00005','97Y141','AFRBY',2005,50000,'2009-07-13'),('00005','98S044','ECOBANK',2009,50000,'2010-09-15'),('00006','94Q256','AFRBY',1999,50000,'2008-07-15'),('00006','98S044','ECOBANK',2010,50000,'2010-09-15'),('0001029813-01-0','00Z254','AFRBY',2004,25000,'2004-01-20'),('00010298130170','97Y148','AFRBY',2004,25000,'2003-11-19'),('000111','02X017','BICEC',2008,25000,'2008-07-15'),('000235','97R864','AFRBY',1999,50000,'2008-08-19'),('00029813/01/70','02Y096','CBCY',2003,50000,'2002-11-18'),('00029813/07/10','98Y162','AFRBY',2003,50000,'2003-02-01'),('0004779','06R509','BICEC',2007,50000,'2007-01-18'),('000704','00Y094','BICEC',2008,25000,'2008-06-30'),('00097336','05W304','ECOBANK',2010,25000,'2010-05-28'),('001','97Q393','AFRBY',2004,25000,'2004-01-28'),('00100298130170','02S035','AFRBY',2004,25000,'2003-10-30'),('0010129813/01/0','99Z024','AFRBY',2003,50000,'2003-02-14'),('0010219813-01-0','03X128','AFRBY',2004,50000,'2003-12-12'),('00102398130170','03Z356','AFRBY',2004,50000,'2003-12-10'),('001026813-01-70','03X395','AFRBY',2004,50000,'2004-01-28');
/*!40000 ALTER TABLE `tranche` ENABLE KEYS */;
UNLOCK TABLES;

--
-- Table structure for table `utilisateur`
--

DROP TABLE IF EXISTS `utilisateur`;
/*!40101 SET @saved_cs_client     = @@character_set_client */;
/*!40101 SET character_set_client = utf8 */;
CREATE TABLE `utilisateur` (
  `LOGIN` varchar(10) NOT NULL DEFAULT '',
  `PASSWORD` varchar(41) NOT NULL DEFAULT '',
  `DESCRIPTION` varchar(50) DEFAULT NULL,
  `CODEETAB` varchar(50) DEFAULT NULL,
  `ROLE` varchar(50) NOT NULL DEFAULT '',
  PRIMARY KEY (`LOGIN`)
) ENGINE=InnoDB DEFAULT CHARSET=latin1;
/*!40101 SET character_set_client = @saved_cs_client */;

--
-- Dumping data for table `utilisateur`
--
-- WHERE:  TRUE limit 100

LOCK TABLES `utilisateur` WRITE;
/*!40000 ALTER TABLE `utilisateur` DISABLE KEYS */;
INSERT INTO `utilisateur` VALUES ('Alice','*C53F7F176B5E88C5055A0B9BADF8F837DDB27F76','ALICE BANGWEN','FS','SUPER-ADMINISTRATEUR'),('baya','*3DB6986307C6A05C0682883A2080B3F566F79E22','BAYA Odile','FS','CENSURE'),('cassy','*104F9898C70C2FC2C3676DBAEDD7B5159120CC46','NGAZOA Delphine','FALSH','CENSURE'),('david','*3655222D1DA6597F9F01FF33C039801FAA7D17D4','CACTCHA  David','FS','SUPER-ADMINISTRATEUR'),('dongmo','*2EA1C49E848B14A2CEE0FE6DA9337FF757F63223','Mme DONGMO Hélène','FALSH','CENSURE'),('essimbi','*5C848D1C373EE56D7B75080B7ED80C57B6EA8FFF','ESSIMBI CELINE','FALSH','CENSURE'),('francois','*2A3587AEF183655FB68D931637B037CE79516A69','OLAMA FRANCOIS','FS','SUPER-ADMINISTRATEUR'),('ivanna','*CB0AB6862555C52CBE5D736D089D8D56A468AE12','NGO KOBLA ADELE IVONNE 94 57 09 34- 76 01 26 45','FS','SUPER-ADMINISTRATEUR'),('kouamou','*DC2AEB9D8E8D6329AD275DB097818BE3B9ACDB51','Chef de Cellule Informatique',NULL,'SUPER-ADMINISTRATEUR'),('Larissa','*801FF12A2853BDCA3DABC56F2ED2C5DC552DED88','EBESSA MARIE LARISSA 697771729-650026912 ','FS','SUPER-ADMINISTRATEUR'),('laurent','*F45960D8A5BFC36CA21502CFF1BD55064B9CA894','laurent ','FS','SUPER-ADMINISTRATEUR'),('laurent1','*F45960D8A5BFC36CA21502CFF1BD55064B9CA894','Laurent','FS','SUPER-ADMINISTRATEUR1'),('monthe','*BB1E52934154381EC7B4691BADAE6CC3BE1CE1B7','MONTHE VALERY','','SUPER-ADMINISTRATEUR'),('ngadjeu','*9863074D622FCF778D18D28EA98D3DD93F67C4D2','Mme NGADJEU NKOUENDJEU Isabelle','FS','CENSURE'),('noumsi','','NOUMSI Julienne','FS','CENSURE'),('patkoum','*BD885142404C127AC29793EE3FBB1FDB01D2B25F','NKOUM PATRICK H 97 37 26 38','FS','SUPER-ADMINISTRATEUR'),('secke','*6F9BCC0A468382F7B0436197ADC107DD267B0F6F','SECKE Brigitte','FALSH','CENSURE'),('sevany','*AB24494A415A791E788DDC9939C570B4CB3605A3','SEVANY ','FS','SUPER-ADMINISTRATEUR'),('test','*5CDC0A352AF5D76591C44133CD6786513908845C','testeur ','FS','FS-ADMINISTRATEUR'),('tsoungui','*C3531AE3F6462D712B70E235D8A15C2B181E2799','TSOUNGUI Gisèle','FS','SUPER-ADMINISTRATEUR'),('tsoungui1','*A8CC4AA3B9595A30D598D6224AAA1DD1FFB13100','TSOUNGUI Gisèle','FS','SUPER-ADMINISTRATEUR');
/*!40000 ALTER TABLE `utilisateur` ENABLE KEYS */;
UNLOCK TABLES;

--
-- Table structure for table `uv`
--

DROP TABLE IF EXISTS `uv`;
/*!40101 SET @saved_cs_client     = @@character_set_client */;
/*!40101 SET character_set_client = utf8 */;
CREATE TABLE `uv` (
  `IDUV` mediumint(8) unsigned NOT NULL AUTO_INCREMENT,
  `CODUV` varchar(10) NOT NULL DEFAULT '',
  `NOM` varchar(100) DEFAULT NULL,
  `FILIERE` mediumint(8) unsigned DEFAULT NULL,
  `ANNEE` year(4) DEFAULT NULL,
  PRIMARY KEY (`IDUV`),
  UNIQUE KEY `CODUV` (`CODUV`,`FILIERE`,`ANNEE`),
  KEY `FK_uv_1` (`FILIERE`),
  CONSTRAINT `FK_uv_1` FOREIGN KEY (`FILIERE`) REFERENCES `filiere` (`IDFIL`) ON DELETE SET NULL ON UPDATE CASCADE
) ENGINE=InnoDB AUTO_INCREMENT=2538 DEFAULT CHARSET=latin1;
/*!40101 SET character_set_client = @saved_cs_client */;

--
-- Dumping data for table `uv`
--
-- WHERE:  TRUE limit 100

LOCK TABLES `uv` WRITE;
/*!40000 ALTER TABLE `uv` DISABLE KEYS */;
INSERT INTO `uv` VALUES (1,'BA102','ORGANISATION STRUCTURALE ET FONCTIONNELLE DE LA CELLULE',2,2005),(2,'BA103','TRAVAUX PRATIQUES BIOLOGIE CELLULAIRE',11,2005),(5,'LA101','LANGUES POUR LES SCIENCES DE LA NATURE ET DE LA VIE I',1,2005),(9,'PH119','PHYSIQUES POUR LES SCIENCES DE LA NATURE ET DE LA VIE',14,2005),(10,'PH122','TRAVAUX PRATIQUES DE PHYSIQUES POUR LES SCIENCES DE LA NATURE ET DE LA VIE',14,2005),(11,'ST106','GEOLOGIE GENERALE',3,2005),(12,'ST107','TRAVAUX PRATIQUES DE GEOLOGIE GENERALE',3,2005),(13,'BA201','PROTOZOAIRES ET INVERTEBRES',2,2005),(14,'BA202','ARTHROPODES ET VERTEBRES',2,2005),(15,'BA203','PHYSIOLOGIE DES STRUCTURES CELLULAIRES',2,2005),(16,'BA204','HOMEOSTASIE ET PHYSIOLOGIE DES STRUCTURES CONTRACTILES',2,2005),(17,'BV201','INTRODUCTION A LA BOTANIQUE',4,2005),(18,'BV206','APPROVISIONNEMENT ENERGETIQUE ET NUTRITION MINERALE DES VEGETAUX',4,2005),(19,'CH206','TRAVAUX PRATIQUES DE CHIMIE ORGANIQUE',9,2005),(20,'CH208','CHIMIE ORGANIQUE GENERALE',9,2005),(22,'LA201','LANGUES POUR LES SCIENCES DE LA NATURE ET DE LA VIE II',1,2005),(23,'BA301','NEUROPHYSIOLOGIE',2,2005),(24,'BA303','SYSTEME ENDOCRINIEN ET PHYSIOLOGIE DE LA REPRODUCTION',2,2005),(26,'LA301','LANGUES POUR SCIENCES DE LA NATURE ET DE LA VIE',1,2005),(27,'BA302','SYSTEME CARDIO-VASCULAIRE',2,2005),(28,'BC302','METABOLISME I',11,2005),(29,'BA304','FONCTION DE NUTRITION ET AUTRES QUE LA CIRCULATION',2,2005),(30,'BA305','PROTOZOAIRES ET INVERTEBRES II',2,2005),(31,'BA306','BIOLOGIE DE LA REPRODUCTION ET DU DEVELOPPEMENT',2,2005),(32,'BA307','ARTHROPODES',2,2005),(33,'BA308','VERTEBRES',2,2005),(34,'BA309','ELEMENTS DE GENETIQUE',2,2005),(35,'BA310','ELEMENTS DE MICROBIOLOGIE',2,2005),(36,'BV315','ECOLOGIE GENERALE',4,2005),(37,'BA412','PHARMACOLOGIE GENERALE',2,2005),(38,'BA414','ELECTROPHYSIOLOGIE I',2,2005),(39,'BA413','PHYSIOLOGIE DE LA REPRODUCTION',2,2005),(40,'BC415','METABOLISME DES XENOBIOTIQUES ET TOXICOLOGIE GENERALE',11,2005),(41,'BA416','MECANISMES INTEGRATEURS ET FONCTIONS MUSCULAIRES',2,2005),(42,'BA417','HISTOLOGIE DESCRIPTIVE ET FONCTIONNELLE',2,2005),(43,'BA415','PHYSIOLOGIE GENERALE ET COMPAREE DES GLANDES ENDOCRINES',2,2005),(44,'BA434','RADIOBIOLOGIE ET SES APPLICATIONS',2,2005),(45,'BA436','BIO-STATISTIQUE ET METHODOLOGIE DE RECHERCHE',2,2005),(46,'BA431','TP PHARMACOLOGIE/ELECTROPHYSIOLOGIE/MECANISMES INTEGRATEURS & FCT MUSCULAIRES',2,2005),(47,'BA432','TP HISTOLOGIE/FONCTION ENDOCRINE/FONCTION DE REPRODUCTION',2,2005),(48,'BC417','TECHNIQUES BIOCHIMIQUES POUR LA PHYSIOLOGIE ANIMALE',11,2005),(49,'BA426','BIOLOGIE DES VERTEBRES I',2,2005),(50,'BA428','BIOLOGIE DES VERTEBRES II',2,2005),(51,'BA429','EMBRYOLOGIE APPLIQUEE DES VERTEBRES',2,2005),(52,'BA430','ANATOMIE COMPAREE DES VERTEBRES I',2,2005),(53,'BA442','ANATOMIE COMPAREE DES VERTEBRES II',2,2005),(54,'BA427','MORPHOLOGIE ET ANATOMIE DES INSECTES',2,2005),(55,'BA443','SYSTEMATIQUES ET IDENTIFICATION DES INSECTES',2,2005),(56,'BA406','ECOLOGIE ANIMALE',2,2005),(57,'BA409','GENETIQUE ET EVOLUTION',2,2005),(58,'BA403','PEUPLEMENT DES MILIEUX AQUATIQUES',2,2005),(59,'BA404','RESEAUX TROPHIQUES',2,2005),(60,'BA401','LES MILIEUX AQUATIQUES ET LEUR PHYSICO-CHIMIE',2,2005),(61,'BA402','BACTERIOLOGIE DES MILIEUX AQUATIQUES',2,2005),(62,'BA405','ECOTOXICOLOGIE AQUATIQUE',2,2005),(63,'BA437','TECHNIQUES D\'ACQUISITION DES DONNEES',2,2005),(64,'BA438','ANALYSE DES DONNEES',2,2005),(65,'BA410','PROTOZOAIRES PARASITES',2,2005),(66,'BA411','HELMINTHOLOGIE',2,2005),(67,'BA439','LES ACARIENS PARASITES',2,2005),(68,'BA407','ZOOLOGIE APPROFONDIE I  (INVERTEBRES)',2,2005),(69,'BA408','ZOOLOGIE APPROFONDIE II  (VERTEBRES)',2,2005),(70,'BA440','ELEMENTS DE PARASITOLOGIE',2,2005),(71,'BA444','TECHNIQUES D\'ETUDE EN PARASITOLOGIE',2,2005),(72,'BC201','BIOCHIMIE STRUCTURALE I',11,2005),(73,'BC202','BIOCHIMIE STRUCTURALE II',2,2005),(74,'BC210','MICROBIOLOGIE GENERALE',11,2005),(75,'BC211','GENETIQUE FONDAMENTALE',11,2005),(76,'BC203','TECHNIQUES BIOCHIMIQUES ET INFORMATIQUE',11,2005),(77,'BC207','BIOCHIMIE STRUCTURALE PRATIQUE',11,2005),(78,'CH209','COMPOSES ORGANIQUES MONO ET POLYFONCTIONNELS',9,2005),(79,'BV202','BIOLOGIE ET REPRODUCTION DES THALLOPHYTES',4,2005),(80,'BC301','ENZYMOLOGIE I',11,2005),(81,'BC309','ENZYMOLOGIE II-BIOENERGETIQUE',11,2005),(82,'BC303','METABOLISME II',11,2005),(83,'BC310','ENZYMOLOGIE PRATIQUE',11,2005),(84,'BC304','TECHNIQUES BIOCHIMIQUES ET BIOSTATISTIQUE',11,2005),(85,'BC305','METABOLISME DES ACIDES AMINES ET BIOCHIMIE DES TISSUS',11,2005),(86,'BC311','METABOLISME PRATIQUE',11,2005),(87,'CH318','MECANISMES REACTIONNELS',9,2005),(88,'BC307','BIOCHIMIE ALIMENTAIRE I',11,2005),(89,'BC312','TECHNOLOGIE ALIMENTAIRE I',11,2005),(90,'BC308','GENETIQUE MOLECULAIRE',11,2005),(91,'BV304','METABOLISME DU CARBONE',4,2005),(92,'BV311','ECOPHYSIOLOGIE DES PLANTES',4,2005),(93,'BC306','MICROBIOLOGIE METABOLIQUE',11,2005),(94,'BC401','BIOLOGIE MOLECULAIRE I',11,2005),(95,'BC402','BIOLOGIE MOLECULAIRE II',11,2005),(96,'BC403','ENZYMOLOGIE APPROFONDIE I',11,2005),(97,'BC404','ENZYMOLOGIE APPROFONDIE II',11,2005),(98,'BC406','NUTRITION HUMAINE',11,2005),(99,'BC405','TECHNIQUES BIOCHIMIQUES III',11,2005),(100,'BC407','BIOCHIMIE ALIMENTAIRE II',11,2005),(101,'BC414','TECHOLOGIE ALIMENTAIRE II',11,2005),(102,'BC410','GENIE-GENETIQUE',11,2005),(103,'BC413','MICROBIOLOGIE APPROFONDIE',11,2005),(104,'BC416','IMMUNOLOGIE I',11,2005),(105,'BC411','PHYTOBIOCHIMIE I',11,2005),(106,'BC412','PHYTOPATHOLOGIE I',11,2005),(107,'CH112','LES BASES DE THERMODYNAMIQUE ET DE CINETIQUE CHIMIQUES',9,2005);
/*!40000 ALTER TABLE `uv` ENABLE KEYS */;
UNLOCK TABLES;

--
-- Table structure for table `uvmodule`
--

DROP TABLE IF EXISTS `uvmodule`;
/*!40101 SET @saved_cs_client     = @@character_set_client */;
/*!40101 SET character_set_client = utf8 */;
CREATE TABLE `uvmodule` (
  `IDMODULE` mediumint(8) unsigned NOT NULL DEFAULT '0',
  `IDUV` mediumint(8) unsigned NOT NULL DEFAULT '0',
  PRIMARY KEY (`IDMODULE`,`IDUV`),
  KEY `FK_uvm_1` (`IDMODULE`),
  KEY `FK_uvm_2` (`IDUV`),
  CONSTRAINT `FK_uvmt_2` FOREIGN KEY (`IDUV`) REFERENCES `uv` (`IDUV`) ON DELETE CASCADE ON UPDATE CASCADE,
  CONSTRAINT `FK_uvm_1` FOREIGN KEY (`IDMODULE`) REFERENCES `module` (`IDMODULE`) ON DELETE CASCADE ON UPDATE CASCADE
) ENGINE=InnoDB DEFAULT CHARSET=latin1;
/*!40101 SET character_set_client = @saved_cs_client */;

--
-- Dumping data for table `uvmodule`
--
-- WHERE:  TRUE limit 100

LOCK TABLES `uvmodule` WRITE;
/*!40000 ALTER TABLE `uvmodule` DISABLE KEYS */;
INSERT INTO `uvmodule` VALUES (1,1),(1,2),(1,462),(2,5),(2,2346),(2,2347),(3,2358),(3,2359),(4,9),(4,10),(5,11),(5,12),(6,15),(6,16),(7,17),(7,18),(8,19),(8,20),(8,22),(9,72),(9,73),(9,77),(10,72),(10,73),(10,79),(11,23),(11,24),(11,26),(12,27),(12,28),(12,29),(13,30),(13,31),(14,32),(14,33),(15,34),(15,35),(16,34),(16,36),(17,35),(17,36),(18,37),(18,38),(19,39),(19,43),(20,41),(20,42),(21,40),(21,44),(21,45),(22,46),(22,47),(22,48),(23,49),(23,50),(23,51),(24,52),(24,53),(25,54),(25,55),(26,56),(26,57),(27,58),(27,59),(28,60),(28,61),(29,56),(29,62),(30,63),(30,64),(31,65),(31,66),(31,67),(32,68),(32,69),(33,70),(33,71),(34,72),(34,73),(35,74),(35,75),(36,22),(36,76),(36,77),(37,19),(37,20),(37,78),(38,18),(38,79),(39,14),(39,15),(40,13),(40,16),(41,80),(41,81),(42,28),(42,82),(43,26),(43,83),(43,84);
/*!40000 ALTER TABLE `uvmodule` ENABLE KEYS */;
UNLOCK TABLES;
/*!40103 SET TIME_ZONE=@OLD_TIME_ZONE */;

/*!40101 SET SQL_MODE=@OLD_SQL_MODE */;
/*!40014 SET FOREIGN_KEY_CHECKS=@OLD_FOREIGN_KEY_CHECKS */;
/*!40014 SET UNIQUE_CHECKS=@OLD_UNIQUE_CHECKS */;
/*!40101 SET CHARACTER_SET_CLIENT=@OLD_CHARACTER_SET_CLIENT */;
/*!40101 SET CHARACTER_SET_RESULTS=@OLD_CHARACTER_SET_RESULTS */;
/*!40101 SET COLLATION_CONNECTION=@OLD_COLLATION_CONNECTION */;
/*!40111 SET SQL_NOTES=@OLD_SQL_NOTES */;

-- Dump completed on 2020-01-31 13:51:02
